Date,Region,Product,Quantity, UnitPrice ,StoreLocation,CustomerType,Discount,Salesperson, TotalPrice ,PaymentMethod,Promotion,Returned,OrderID,CustomerName, ShippingCost ,OrderDate,DeliveryDate,RegionManager,MonthName, GrossRevenue , TotalDiscount 
23/02/2023,East,Laptop,14, $163.60 ,Store B,Wholesale,0,Eva," $2,290.40 ",Online,FREESHIP,0,REG100000,Cust 6583, $43.34 ,23/02/2023,27/02/2023,Eric,Feb," $2,247.06 ", $-   
19/12/2024,South,Phone,1, $544.01 ,Store A,Retail,0,Alice, $544.01 ,Gift Card,SAVE10,0,REG100001,Cust 2144, $5.30 ,19/12/2024,28/12/2024,Sophie,Dec, $538.71 , $-   
10/05/2023,North,Desk,14, $346.18 ,Store B,Wholesale,0.1,Alice," $4,361.87 ",Online,WINTER15,0,REG100002,Cust 5998, $20.46 ,10/05/2023,19/05/2023,Ryan,May," $4,341.41 ", $484.65 
26/02/2025,Central,Chair,18, $384.82 ,Store A,Wholesale,0.15,Frank," $5,887.75 ",Gift Card,FREESHIP,0,REG100003,Cust 7136, $27.95 ,26/02/2025,02/03/2025,Cameron,Feb," $5,859.80 "," $1,039.01 "
24/06/2023,East,Desk,18, $237.76 ,Store C,Retail,0,Carlos," $4,279.68 ",Online,SAVE10,0,REG100004,Cust 6506, $5.73 ,24/06/2023,27/06/2023,Eric,Jun," $4,273.95 ", $-   
20/02/2024,Central,Monitor,2, $385.09 ,Store D,Wholesale,0.15,Diana, $654.65 ,Credit Card,,0,REG100005,Cust 3909, $11.92 ,20/02/2024,01/03/2024,Cameron,Feb, $642.73 , $115.53 
11/01/2023,South,Chair,7, $17.50 ,Store C,Retail,0.1,Alice, $110.25 ,Debit Card,WINTER15,0,REG100006,Cust 7887, $5.02 ,11/01/2023,14/01/2023,Sophie,Jan, $105.23 , $12.25 
09/01/2023,Central,Chair,3, $330.22 ,Store C,Wholesale,0.15,Carlos, $842.06 ,Cash,,0,REG100007,Cust 5301, $48.01 ,09/01/2023,11/01/2023,Cameron,Jan, $794.05 , $148.60 
16/10/2024,South,Chair,3, $432.04 ,Store D,Wholesale,0.05,Bob," $1,231.31 ",Debit Card,FREESHIP,1,REG100008,Cust 2284, $42.11 ,16/10/2024,18/10/2024,Sophie,Oct," $1,189.20 ", $64.81 
05/03/2025,West,Desk,5, $323.28 ,Store D,Retail,0.1,Frank," $1,454.76 ",Gift Card,SAVE10,0,REG100009,Cust 3732, $41.10 ,05/03/2025,13/03/2025,Wendy,Mar," $1,413.66 ", $161.64 
10/04/2024,North,Desk,15, $523.29 ,Store B,Wholesale,0.15,Eva," $6,671.95 ",Debit Card,,0,REG100010,Cust 1462, $12.14 ,10/04/2024,17/04/2024,Ryan,Apr," $6,659.81 "," $1,177.40 "
12/07/2024,East,Phone,19, $207.35 ,Store D,Retail,0.1,Eva," $3,545.69 ",Gift Card,,1,REG100011,Cust 4330, $44.89 ,12/07/2024,18/07/2024,Eric,Jul," $3,500.80 ", $393.97 
21/07/2023,Central,Phone,1, $120.53 ,Store B,Retail,0.05,Diana, $114.50 ,Cash,WINTER15,0,REG100012,Cust 2372, $20.35 ,21/07/2023,31/07/2023,Cameron,Jul, $94.15 , $6.03 
18/01/2025,West,Tablet,1, $157.83 ,Store A,Wholesale,0.15,Carlos, $134.16 ,Debit Card,,0,REG100013,Cust 4672, $42.82 ,18/01/2025,22/01/2025,Wendy,Jan, $91.34 , $23.67 
08/12/2024,North,Desk,15, $220.30 ,Store B,Retail,0.15,Diana," $2,808.83 ",Debit Card,,0,REG100014,Cust 4548, $39.66 ,08/12/2024,15/12/2024,Ryan,Dec," $2,769.17 ", $495.68 
11/05/2025,West,Chair,17, $162.96 ,Store A,Wholesale,0.05,Eva," $2,631.80 ",Gift Card,FREESHIP,0,REG100015,Cust 7037, $8.11 ,11/05/2025,17/05/2025,Wendy,May," $2,623.69 ", $138.52 
26/02/2023,West,Laptop,19, $236.11 ,Store D,Wholesale,0,Bob," $4,486.09 ",Online,WINTER15,0,REG100016,Cust 4975, $34.11 ,26/02/2023,04/03/2023,Wendy,Feb," $4,451.98 ", $-   
28/05/2024,Central,Desk,11, $573.14 ,Store D,Retail,0.05,Diana," $5,989.31 ",Cash,SAVE10,0,REG100017,Cust 8014, $34.71 ,28/05/2024,01/06/2024,Cameron,May," $5,954.60 ", $315.23 
30/11/2023,East,Phone,20, $519.04 ,Store B,Retail,0.15,Carlos," $8,823.68 ",Gift Card,FREESHIP,0,REG100018,Cust 1228, $19.43 ,30/11/2023,08/12/2023,Eric,Nov," $8,804.25 "," $1,557.12 "
22/06/2023,West,Desk,14, $30.83 ,Store B,Retail,0,Carlos, $431.62 ,Online,WINTER15,1,REG100019,Cust 4247, $7.10 ,22/06/2023,02/07/2023,Wendy,Jun, $424.52 , $-   
05/06/2025,West,Phone,10, $319.05 ,Store D,Wholesale,0,Diana," $3,190.50 ",Online,,0,REG100020,Cust 4199, $28.43 ,05/06/2025,08/06/2025,Wendy,Jun," $3,162.07 ", $-   
03/03/2023,Central,Chair,14, $312.79 ,Store A,Retail,0.05,Bob," $4,160.11 ",Online,,1,REG100021,Cust 4186, $46.83 ,03/03/2023,08/03/2023,Cameron,Mar," $4,113.28 ", $218.95 
18/02/2024,North,Laptop,14, $395.45 ,Store C,Retail,0,Carlos," $5,536.30 ",Cash,FREESHIP,1,REG100022,Cust 8137, $36.45 ,18/02/2024,22/02/2024,Ryan,Feb," $5,499.85 ", $-   
06/08/2023,Central,Laptop,12, $472.72 ,Store D,Retail,0.15,Diana," $4,821.74 ",Credit Card,,0,REG100023,Cust 4638, $27.97 ,06/08/2023,14/08/2023,Cameron,Aug," $4,793.77 ", $850.90 
23/05/2024,North,Desk,5, $288.01 ,Store A,Wholesale,0,Eva," $1,440.05 ",Credit Card,FREESHIP,0,REG100024,Cust 8538, $46.69 ,23/05/2024,30/05/2024,Ryan,May," $1,393.36 ", $-   
23/10/2023,East,Phone,13, $562.29 ,Store D,Retail,0,Diana," $7,309.77 ",Gift Card,SAVE10,0,REG100025,Cust 6322, $38.13 ,23/10/2023,28/10/2023,Eric,Oct," $7,271.64 ", $-   
16/06/2025,West,Phone,1, $101.73 ,Store D,Retail,0,Frank, $101.73 ,Debit Card,WINTER15,0,REG100026,Cust 2609, $11.59 ,16/06/2025,25/06/2025,Wendy,Jun, $90.14 , $-   
03/03/2023,North,Phone,4, $279.49 ,Store B,Retail,0,Diana," $1,117.96 ",Credit Card,FREESHIP,0,REG100027,Cust 6880, $24.78 ,03/03/2023,08/03/2023,Ryan,Mar," $1,093.18 ", $-   
18/11/2024,South,Laptop,1, $178.55 ,Store A,Retail,0.15,Carlos, $151.77 ,Debit Card,SAVE10,1,REG100028,Cust 1997, $7.61 ,18/11/2024,21/11/2024,Sophie,Nov, $144.16 , $26.78 
09/05/2023,Central,Tablet,1, $472.07 ,Store A,Wholesale,0.1,Carlos, $424.86 ,Online,FREESHIP,0,REG100029,Cust 7072, $33.17 ,09/05/2023,17/05/2023,Cameron,May, $391.69 , $47.21 
07/12/2024,North,Tablet,12, $306.29 ,Store D,Retail,0,Frank," $3,675.48 ",Debit Card,SAVE10,0,REG100030,Cust 7201, $37.38 ,07/12/2024,14/12/2024,Ryan,Dec," $3,638.10 ", $-   
13/02/2024,North,Phone,7, $434.77 ,Store C,Retail,0.15,Frank," $2,586.88 ",Online,SAVE10,0,REG100031,Cust 9923, $12.35 ,13/02/2024,15/02/2024,Ryan,Feb," $2,574.53 ", $456.51 
09/03/2025,South,Desk,6, $64.98 ,Store C,Retail,0,Carlos, $389.88 ,Debit Card,WINTER15,0,REG100032,Cust 2205, $21.25 ,09/03/2025,15/03/2025,Sophie,Mar, $368.63 , $-   
05/04/2023,Central,Desk,17, $476.49 ,Store D,Retail,0,Alice," $8,100.33 ",Gift Card,,0,REG100033,Cust 6403, $17.91 ,05/04/2023,11/04/2023,Cameron,Apr," $8,082.42 ", $-   
08/05/2025,North,Monitor,4, $559.72 ,Store D,Retail,0.15,Diana," $1,903.05 ",Online,SAVE10,0,REG100034,Cust 3953, $41.91 ,08/05/2025,12/05/2025,Ryan,May," $1,861.14 ", $335.83 
03/09/2023,North,Tablet,14, $82.14 ,Store C,Retail,0,Alice," $1,149.96 ",Credit Card,,0,REG100035,Cust 7902, $12.57 ,03/09/2023,11/09/2023,Ryan,Sep," $1,137.39 ", $-   
21/03/2025,Central,Chair,9, $343.21 ,Store A,Retail,0.05,Carlos," $2,934.45 ",Debit Card,FREESHIP,0,REG100036,Cust 9968, $40.29 ,21/03/2025,28/03/2025,Cameron,Mar," $2,894.16 ", $154.44 
20/06/2025,South,Chair,7, $301.01 ,Store B,Retail,0.15,Diana," $1,791.01 ",Cash,SAVE10,1,REG100037,Cust 3787, $34.97 ,20/06/2025,30/06/2025,Sophie,Jun," $1,756.04 ", $316.06 
15/02/2024,Central,Printer,14, $428.13 ,Store C,Retail,0.1,Bob," $5,394.44 ",Cash,,1,REG100038,Cust 2469, $24.77 ,15/02/2024,25/02/2024,Cameron,Feb," $5,369.67 ", $599.38 
09/06/2023,Central,Laptop,2, $503.28 ,Store D,Retail,0.15,Alice, $855.58 ,Gift Card,,0,REG100039,Cust 6468, $34.79 ,09/06/2023,17/06/2023,Cameron,Jun, $820.79 , $150.98 
10/08/2023,South,Printer,5, $470.32 ,Store A,Retail,0.1,Eva," $2,116.44 ",Debit Card,SAVE10,0,REG100040,Cust 5312, $17.77 ,10/08/2023,14/08/2023,Sophie,Aug," $2,098.67 ", $235.16 
16/06/2024,Central,Printer,20, $65.17 ,Store C,Wholesale,0.05,Eva," $1,238.23 ",Gift Card,FREESHIP,0,REG100041,Cust 1482, $21.72 ,16/06/2024,25/06/2024,Cameron,Jun," $1,216.51 ", $65.17 
23/07/2023,South,Laptop,12, $36.17 ,Store A,Retail,0,Eva, $434.04 ,Online,WINTER15,0,REG100042,Cust 7903, $34.85 ,23/07/2023,26/07/2023,Sophie,Jul, $399.19 , $-   
20/05/2023,Central,Printer,4, $459.31 ,Store D,Wholesale,0.15,Carlos," $1,561.65 ",Gift Card,WINTER15,1,REG100043,Cust 9605, $27.39 ,20/05/2023,27/05/2023,Cameron,May," $1,534.26 ", $275.59 
30/06/2023,South,Laptop,2, $416.06 ,Store D,Retail,0.05,Eva, $790.51 ,Debit Card,SAVE10,0,REG100044,Cust 3298, $11.62 ,30/06/2023,04/07/2023,Sophie,Jun, $778.89 , $41.61 
04/06/2024,South,Tablet,16, $302.58 ,Store D,Retail,0,Alice," $4,841.28 ",Online,WINTER15,1,REG100045,Cust 5533, $20.76 ,04/06/2024,14/06/2024,Sophie,Jun," $4,820.52 ", $-   
03/02/2025,West,Chair,11, $33.13 ,Store A,Retail,0.15,Frank, $309.77 ,Online,FREESHIP,0,REG100046,Cust 6362, $24.95 ,03/02/2025,05/02/2025,Wendy,Feb, $284.82 , $54.66 
09/01/2024,East,Tablet,8, $582.52 ,Store D,Retail,0.15,Frank," $3,961.14 ",Gift Card,WINTER15,0,REG100047,Cust 4826, $6.47 ,09/01/2024,13/01/2024,Eric,Jan," $3,954.67 ", $699.02 
14/03/2024,North,Desk,5, $165.15 ,Store A,Retail,0.1,Eva, $743.18 ,Gift Card,,0,REG100048,Cust 2171, $20.57 ,14/03/2024,16/03/2024,Ryan,Mar, $722.61 , $82.58 
06/09/2024,West,Monitor,14, $242.82 ,Store D,Wholesale,0.15,Alice," $2,889.56 ",Cash,WINTER15,1,REG100049,Cust 4005, $20.71 ,06/09/2024,13/09/2024,Wendy,Sep," $2,868.85 ", $509.92 
17/03/2023,East,Monitor,13, $65.99 ,Store A,Wholesale,0.1,Frank, $772.08 ,Cash,WINTER15,0,REG100050,Cust 7032, $12.87 ,17/03/2023,20/03/2023,Eric,Mar, $759.21 , $85.79 
17/01/2025,West,Chair,2, $251.69 ,Store C,Wholesale,0,Alice, $503.38 ,Debit Card,FREESHIP,0,REG100051,Cust 7167, $42.49 ,17/01/2025,24/01/2025,Wendy,Jan, $460.89 , $-   
12/09/2024,South,Laptop,1, $269.41 ,Store B,Wholesale,0.1,Eva, $242.47 ,Cash,WINTER15,1,REG100052,Cust 5702, $19.22 ,12/09/2024,18/09/2024,Sophie,Sep, $223.25 , $26.94 
05/01/2024,South,Monitor,2, $371.30 ,Store B,Wholesale,0.05,Bob, $705.47 ,Credit Card,SAVE10,0,REG100053,Cust 4944, $36.51 ,05/01/2024,15/01/2024,Sophie,Jan, $668.96 , $37.13 
19/04/2024,West,Tablet,11, $288.24 ,Store A,Wholesale,0.15,Diana," $2,695.04 ",Online,,0,REG100054,Cust 8149, $37.39 ,19/04/2024,25/04/2024,Wendy,Apr," $2,657.65 ", $475.60 
11/06/2025,Central,Tablet,11, $232.75 ,Store D,Wholesale,0.05,Eva," $2,432.24 ",Credit Card,SAVE10,0,REG100055,Cust 3638, $36.33 ,11/06/2025,21/06/2025,Cameron,Jun," $2,395.91 ", $128.01 
06/03/2025,East,Phone,17, $146.28 ,Store B,Retail,0.15,Carlos," $2,113.75 ",Cash,SAVE10,0,REG100056,Cust 9973, $7.84 ,06/03/2025,15/03/2025,Eric,Mar," $2,105.91 ", $373.01 
24/05/2023,East,Chair,5, $100.38 ,Store C,Retail,0.1,Eva, $451.71 ,Gift Card,WINTER15,1,REG100057,Cust 4214, $18.35 ,24/05/2023,26/05/2023,Eric,May, $433.36 , $50.19 
27/01/2023,South,Phone,11, $375.48 ,Store B,Retail,0.05,Bob," $3,923.77 ",Debit Card,WINTER15,0,REG100058,Cust 2647, $15.95 ,27/01/2023,03/02/2023,Sophie,Jan," $3,907.82 ", $206.51 
21/03/2024,South,Laptop,18, $316.89 ,Store B,Wholesale,0.05,Bob," $5,418.82 ",Cash,FREESHIP,0,REG100059,Cust 3552, $15.69 ,21/03/2024,27/03/2024,Sophie,Mar," $5,403.13 ", $285.20 
25/01/2025,West,Laptop,20, $295.06 ,Store D,Retail,0.15,Frank," $5,016.02 ",Online,SAVE10,1,REG100060,Cust 3354, $13.66 ,25/01/2025,31/01/2025,Wendy,Jan," $5,002.36 ", $885.18 
12/06/2023,Central,Phone,8, $301.68 ,Store D,Retail,0,Eva," $2,413.44 ",Cash,SAVE10,0,REG100061,Cust 3903, $36.54 ,12/06/2023,21/06/2023,Cameron,Jun," $2,376.90 ", $-   
22/03/2025,Central,Chair,3, $475.39 ,Store B,Retail,0.1,Alice," $1,283.55 ",Gift Card,,0,REG100062,Cust 5358, $15.62 ,22/03/2025,26/03/2025,Cameron,Mar," $1,267.93 ", $142.62 
24/02/2024,Central,Desk,16, $47.25 ,Store D,Retail,0.15,Bob, $642.60 ,Debit Card,FREESHIP,0,REG100063,Cust 8144, $29.50 ,24/02/2024,27/02/2024,Cameron,Feb, $613.10 , $113.40 
09/12/2023,South,Chair,15, $511.17 ,Store B,Wholesale,0,Frank," $7,667.55 ",Online,FREESHIP,0,REG100064,Cust 6747, $21.77 ,09/12/2023,12/12/2023,Sophie,Dec," $7,645.78 ", $-   
01/10/2023,Central,Monitor,3, $66.58 ,Store B,Retail,0.1,Frank, $179.77 ,Debit Card,FREESHIP,0,REG100065,Cust 8330, $22.43 ,01/10/2023,05/10/2023,Cameron,Oct, $157.34 , $19.97 
31/07/2023,West,Tablet,5, $490.52 ,Store D,Wholesale,0.05,Frank," $2,329.97 ",Online,,0,REG100066,Cust 7186, $12.24 ,31/07/2023,07/08/2023,Wendy,Jul," $2,317.73 ", $122.63 
24/12/2024,South,Chair,8, $405.96 ,Store A,Wholesale,0.05,Carlos," $3,085.30 ",Credit Card,WINTER15,0,REG100067,Cust 8287, $41.27 ,24/12/2024,31/12/2024,Sophie,Dec," $3,044.03 ", $162.38 
15/11/2024,North,Phone,1, $159.41 ,Store B,Retail,0.1,Bob, $143.47 ,Credit Card,FREESHIP,0,REG100068,Cust 3986, $35.14 ,15/11/2024,19/11/2024,Ryan,Nov, $108.33 , $15.94 
13/03/2025,West,Monitor,16, $38.49 ,Store C,Retail,0.15,Carlos, $523.46 ,Debit Card,SAVE10,0,REG100069,Cust 3213, $8.38 ,13/03/2025,22/03/2025,Wendy,Mar, $515.08 , $92.38 
03/03/2024,East,Tablet,15, $328.36 ,Store D,Retail,0.15,Alice," $4,186.59 ",Gift Card,WINTER15,0,REG100070,Cust 1907, $15.76 ,03/03/2024,12/03/2024,Eric,Mar," $4,170.83 ", $738.81 
11/02/2023,Central,Tablet,20, $548.01 ,Store A,Wholesale,0.1,Eva," $9,864.18 ",Credit Card,WINTER15,1,REG100071,Cust 4639, $5.89 ,11/02/2023,14/02/2023,Cameron,Feb," $9,858.29 "," $1,096.02 "
26/10/2023,South,Desk,13, $484.45 ,Store B,Wholesale,0.05,Carlos," $5,982.96 ",Gift Card,WINTER15,1,REG100072,Cust 4153, $6.57 ,26/10/2023,05/11/2023,Sophie,Oct," $5,976.39 ", $314.89 
21/10/2023,South,Monitor,13, $195.84 ,Store A,Wholesale,0.05,Alice," $2,418.62 ",Credit Card,,0,REG100073,Cust 7096, $33.52 ,21/10/2023,28/10/2023,Sophie,Oct," $2,385.10 ", $127.30 
14/01/2024,Central,Tablet,19, $29.94 ,Store D,Retail,0.15,Diana, $483.53 ,Debit Card,FREESHIP,0,REG100074,Cust 3806, $33.59 ,14/01/2024,20/01/2024,Cameron,Jan, $449.94 , $85.33 
27/07/2023,Central,Desk,10, $553.91 ,Store D,Wholesale,0.1,Eva," $4,985.19 ",Online,,0,REG100075,Cust 9345, $31.30 ,27/07/2023,31/07/2023,Cameron,Jul," $4,953.89 ", $553.91 
23/10/2024,South,Phone,14, $445.52 ,Store B,Retail,0.1,Bob," $5,613.55 ",Online,SAVE10,0,REG100076,Cust 4456, $14.41 ,23/10/2024,25/10/2024,Sophie,Oct," $5,599.14 ", $623.73 
26/09/2023,South,Chair,5, $551.58 ,Store B,Retail,0.15,Alice," $2,344.22 ",Online,WINTER15,1,REG100077,Cust 1089, $7.87 ,26/09/2023,01/10/2023,Sophie,Sep," $2,336.35 ", $413.69 
16/12/2023,East,Phone,13, $241.40 ,Store D,Retail,0,Carlos," $3,138.20 ",Gift Card,SAVE10,0,REG100078,Cust 7230, $49.05 ,16/12/2023,20/12/2023,Eric,Dec," $3,089.15 ", $-   
02/01/2024,Central,Printer,19, $351.93 ,Store A,Wholesale,0,Alice," $6,686.67 ",Credit Card,,0,REG100079,Cust 6597, $39.98 ,02/01/2024,05/01/2024,Cameron,Jan," $6,646.69 ", $-   
16/02/2024,North,Phone,4, $83.75 ,Store A,Retail,0.05,Alice, $318.25 ,Debit Card,SAVE10,1,REG100080,Cust 4108, $38.82 ,16/02/2024,25/02/2024,Ryan,Feb, $279.43 , $16.75 
03/05/2024,East,Monitor,5, $416.95 ,Store A,Wholesale,0.15,Frank," $1,772.04 ",Online,,1,REG100081,Cust 2883, $24.03 ,03/05/2024,12/05/2024,Eric,May," $1,748.01 ", $312.71 
27/05/2023,West,Monitor,18, $142.43 ,Store C,Retail,0.05,Bob," $2,435.55 ",Credit Card,SAVE10,1,REG100082,Cust 5018, $12.38 ,27/05/2023,02/06/2023,Wendy,May," $2,423.17 ", $128.19 
05/01/2023,East,Desk,12, $582.52 ,Store A,Wholesale,0,Bob," $6,990.24 ",Credit Card,FREESHIP,0,REG100083,Cust 1231, $41.16 ,05/01/2023,11/01/2023,Eric,Jan," $6,949.08 ", $-   
21/05/2025,East,Chair,20, $129.56 ,Store A,Retail,0.15,Diana," $2,202.52 ",Online,WINTER15,0,REG100084,Cust 2209, $40.21 ,21/05/2025,23/05/2025,Eric,May," $2,162.31 ", $388.68 
21/07/2023,Central,Tablet,17, $431.82 ,Store B,Retail,0,Eva," $7,340.94 ",Gift Card,FREESHIP,1,REG100085,Cust 6684, $37.75 ,21/07/2023,25/07/2023,Cameron,Jul," $7,303.19 ", $-   
25/05/2025,East,Laptop,15, $15.85 ,Store C,Retail,0,Bob, $237.75 ,Debit Card,WINTER15,0,REG100086,Cust 5289, $23.49 ,25/05/2025,03/06/2025,Eric,May, $214.26 , $-   
16/11/2024,South,Tablet,20, $548.34 ,Store B,Retail,0.1,Bob," $9,870.12 ",Gift Card,WINTER15,0,REG100087,Cust 9159, $33.47 ,16/11/2024,22/11/2024,Sophie,Nov," $9,836.65 "," $1,096.68 "
19/11/2023,North,Laptop,16, $525.83 ,Store C,Wholesale,0.05,Frank," $7,992.62 ",Online,,0,REG100088,Cust 4844, $36.47 ,19/11/2023,25/11/2023,Ryan,Nov," $7,956.15 ", $420.66 
12/01/2025,Central,Laptop,15, $411.38 ,Store A,Wholesale,0.05,Bob," $5,862.17 ",Online,SAVE10,0,REG100089,Cust 3273, $48.51 ,12/01/2025,21/01/2025,Cameron,Jan," $5,813.66 ", $308.54 
29/03/2023,North,Monitor,19, $559.95 ,Store A,Wholesale,0.1,Carlos," $9,575.15 ",Credit Card,WINTER15,0,REG100090,Cust 8160, $18.30 ,29/03/2023,03/04/2023,Ryan,Mar," $9,556.85 "," $1,063.91 "
01/03/2025,North,Desk,8, $179.90 ,Store C,Retail,0.05,Carlos," $1,367.24 ",Online,SAVE10,0,REG100091,Cust 4439, $14.80 ,01/03/2025,05/03/2025,Ryan,Mar," $1,352.44 ", $71.96 
18/10/2023,North,Chair,12, $494.15 ,Store B,Wholesale,0.15,Diana," $5,040.33 ",Online,SAVE10,1,REG100092,Cust 1127, $18.05 ,18/10/2023,20/10/2023,Ryan,Oct," $5,022.28 ", $889.47 
13/04/2025,East,Desk,10, $462.99 ,Store C,Wholesale,0,Bob," $4,629.90 ",Credit Card,WINTER15,0,REG100093,Cust 4696, $5.01 ,13/04/2025,15/04/2025,Eric,Apr," $4,624.89 ", $-   
13/05/2025,Central,Laptop,7, $460.24 ,Store A,Retail,0.05,Alice," $3,060.60 ",Cash,SAVE10,1,REG100094,Cust 3014, $11.54 ,13/05/2025,23/05/2025,Cameron,May," $3,049.06 ", $161.08 
21/04/2024,West,Printer,17, $309.52 ,Store B,Wholesale,0.05,Eva," $4,998.75 ",Online,FREESHIP,0,REG100095,Cust 2539, $6.11 ,21/04/2024,27/04/2024,Wendy,Apr," $4,992.64 ", $263.09 
31/01/2025,Central,Monitor,1, $323.83 ,Store B,Wholesale,0.05,Eva, $307.64 ,Credit Card,WINTER15,0,REG100096,Cust 3916, $27.48 ,31/01/2025,08/02/2025,Cameron,Jan, $280.16 , $16.19 
14/03/2025,Central,Chair,10, $503.07 ,Store C,Retail,0,Bob," $5,030.70 ",Credit Card,FREESHIP,0,REG100097,Cust 6329, $44.61 ,14/03/2025,19/03/2025,Cameron,Mar," $4,986.09 ", $-   
26/05/2024,West,Laptop,20, $491.68 ,Store D,Wholesale,0.15,Alice," $8,358.56 ",Online,SAVE10,1,REG100098,Cust 4384, $43.46 ,26/05/2024,29/05/2024,Wendy,May," $8,315.10 "," $1,475.04 "
22/07/2023,North,Phone,17, $468.45 ,Store A,Retail,0.05,Carlos," $7,565.47 ",Credit Card,FREESHIP,0,REG100099,Cust 7756, $17.88 ,22/07/2023,26/07/2023,Ryan,Jul," $7,547.59 ", $398.18 
21/03/2024,North,Laptop,11, $401.76 ,Store D,Retail,0.15,Frank," $3,756.46 ",Gift Card,SAVE10,0,REG100100,Cust 6086, $48.03 ,21/03/2024,30/03/2024,Ryan,Mar," $3,708.43 ", $662.90 
05/04/2023,West,Printer,3, $221.00 ,Store B,Wholesale,0,Frank, $663.00 ,Cash,FREESHIP,0,REG100101,Cust 3845, $32.31 ,05/04/2023,08/04/2023,Wendy,Apr, $630.69 , $-   
26/08/2024,East,Monitor,6, $188.45 ,Store C,Wholesale,0.05,Alice," $1,074.17 ",Gift Card,,0,REG100102,Cust 9996, $6.77 ,26/08/2024,01/09/2024,Eric,Aug," $1,067.40 ", $56.54 
07/07/2024,North,Desk,3, $566.20 ,Store D,Retail,0,Bob," $1,698.60 ",Gift Card,FREESHIP,1,REG100103,Cust 1711, $28.97 ,07/07/2024,17/07/2024,Ryan,Jul," $1,669.63 ", $-   
29/09/2023,East,Monitor,14, $167.09 ,Store D,Retail,0.05,Alice," $2,222.30 ",Gift Card,SAVE10,1,REG100104,Cust 4522, $47.05 ,29/09/2023,08/10/2023,Eric,Sep," $2,175.25 ", $116.96 
04/10/2023,West,Monitor,16, $36.16 ,Store C,Wholesale,0.1,Carlos, $520.70 ,Debit Card,FREESHIP,0,REG100105,Cust 4233, $26.64 ,04/10/2023,11/10/2023,Wendy,Oct, $494.06 , $57.86 
09/06/2025,Central,Printer,2, $73.94 ,Store B,Wholesale,0.05,Carlos, $140.49 ,Debit Card,SAVE10,0,REG100106,Cust 4121, $28.05 ,09/06/2025,16/06/2025,Cameron,Jun, $112.44 , $7.39 
12/06/2025,East,Printer,16, $459.49 ,Store A,Wholesale,0.1,Eva," $6,616.66 ",Online,SAVE10,0,REG100107,Cust 9092, $26.99 ,12/06/2025,14/06/2025,Eric,Jun," $6,589.67 ", $735.18 
29/06/2024,East,Chair,3, $168.05 ,Store A,Retail,0,Carlos, $504.15 ,Cash,,1,REG100108,Cust 9090, $21.08 ,29/06/2024,06/07/2024,Eric,Jun, $483.07 , $-   
23/03/2024,North,Printer,14, $37.54 ,Store B,Retail,0.15,Alice, $446.73 ,Credit Card,,1,REG100109,Cust 1983, $49.60 ,23/03/2024,02/04/2024,Ryan,Mar, $397.13 , $78.83 
14/07/2024,South,Tablet,4, $151.16 ,Store B,Wholesale,0,Alice, $604.64 ,Gift Card,SAVE10,1,REG100110,Cust 8834, $41.40 ,14/07/2024,21/07/2024,Sophie,Jul, $563.24 , $-   
15/03/2024,South,Tablet,17, $78.58 ,Store A,Wholesale,0.1,Bob," $1,202.27 ",Gift Card,WINTER15,0,REG100111,Cust 9780, $8.02 ,15/03/2024,25/03/2024,Sophie,Mar," $1,194.25 ", $133.59 
19/04/2025,Central,Chair,15, $37.33 ,Store B,Retail,0.05,Carlos, $531.95 ,Cash,,1,REG100112,Cust 1293, $43.69 ,19/04/2025,24/04/2025,Cameron,Apr, $488.26 , $28.00 
15/02/2024,West,Tablet,18, $537.02 ,Store A,Wholesale,0.15,Carlos," $8,216.41 ",Debit Card,SAVE10,0,REG100113,Cust 3173, $23.94 ,15/02/2024,20/02/2024,Wendy,Feb," $8,192.47 "," $1,449.95 "
25/01/2024,East,Desk,5, $215.60 ,Store C,Wholesale,0,Frank," $1,078.00 ",Online,WINTER15,0,REG100114,Cust 8641, $28.36 ,25/01/2024,04/02/2024,Eric,Jan," $1,049.64 ", $-   
15/04/2025,Central,Laptop,18, $209.50 ,Store D,Wholesale,0,Carlos," $3,771.00 ",Credit Card,FREESHIP,0,REG100115,Cust 7656, $38.23 ,15/04/2025,23/04/2025,Cameron,Apr," $3,732.77 ", $-   
15/04/2025,Central,Chair,8, $348.98 ,Store A,Retail,0.1,Frank," $2,512.66 ",Online,FREESHIP,0,REG100116,Cust 5523, $19.17 ,15/04/2025,20/04/2025,Cameron,Apr," $2,493.49 ", $279.18 
11/08/2024,West,Printer,2, $289.14 ,Store C,Retail,0.05,Diana, $549.37 ,Online,SAVE10,0,REG100117,Cust 2015, $5.13 ,11/08/2024,13/08/2024,Wendy,Aug, $544.24 , $28.91 
01/12/2023,South,Desk,5, $396.93 ,Store B,Wholesale,0,Diana," $1,984.65 ",Credit Card,FREESHIP,0,REG100118,Cust 6895, $48.63 ,01/12/2023,08/12/2023,Sophie,Dec," $1,936.02 ", $-   
06/08/2023,Central,Laptop,10, $508.57 ,Store D,Retail,0.05,Bob," $4,831.42 ",Online,SAVE10,0,REG100119,Cust 1797, $9.35 ,06/08/2023,11/08/2023,Cameron,Aug," $4,822.07 ", $254.29 
24/01/2024,Central,Laptop,11, $259.61 ,Store C,Wholesale,0.1,Carlos," $2,570.14 ",Cash,FREESHIP,0,REG100120,Cust 9969, $13.73 ,24/01/2024,31/01/2024,Cameron,Jan," $2,556.41 ", $285.57 
07/03/2024,Central,Chair,9, $313.29 ,Store D,Retail,0,Carlos," $2,819.61 ",Online,FREESHIP,0,REG100121,Cust 1815, $14.04 ,07/03/2024,13/03/2024,Cameron,Mar," $2,805.57 ", $-   
22/01/2024,South,Tablet,5, $106.57 ,Store C,Wholesale,0.1,Carlos, $479.57 ,Debit Card,SAVE10,1,REG100122,Cust 7773, $25.24 ,22/01/2024,28/01/2024,Sophie,Jan, $454.33 , $53.29 
23/02/2023,East,Printer,1, $109.00 ,Store B,Retail,0.15,Frank, $92.65 ,Cash,WINTER15,1,REG100123,Cust 1499, $8.03 ,23/02/2023,27/02/2023,Eric,Feb, $84.62 , $16.35 
14/06/2023,North,Tablet,8, $323.80 ,Store B,Retail,0,Diana," $2,590.40 ",Cash,SAVE10,1,REG100124,Cust 3809, $35.23 ,14/06/2023,22/06/2023,Ryan,Jun," $2,555.17 ", $-   
13/05/2025,North,Laptop,16, $384.32 ,Store A,Retail,0.05,Frank," $5,841.66 ",Cash,FREESHIP,0,REG100125,Cust 7824, $21.50 ,13/05/2025,15/05/2025,Ryan,May," $5,820.16 ", $307.46 
30/07/2024,Central,Printer,16, $163.86 ,Store C,Retail,0.15,Diana," $2,228.50 ",Gift Card,FREESHIP,0,REG100126,Cust 7258, $37.95 ,30/07/2024,06/08/2024,Cameron,Jul," $2,190.55 ", $393.26 
18/07/2024,East,Tablet,5, $23.41 ,Store B,Wholesale,0,Frank, $117.05 ,Credit Card,WINTER15,0,REG100127,Cust 1151, $26.44 ,18/07/2024,27/07/2024,Eric,Jul, $90.61 , $-   
26/08/2024,East,Printer,20, $488.90 ,Store C,Wholesale,0.15,Eva," $8,311.30 ",Gift Card,FREESHIP,0,REG100128,Cust 6486, $21.77 ,26/08/2024,01/09/2024,Eric,Aug," $8,289.53 "," $1,466.70 "
08/06/2025,West,Tablet,7, $452.56 ,Store A,Wholesale,0.05,Frank," $3,009.52 ",Gift Card,FREESHIP,0,REG100129,Cust 4034, $46.97 ,08/06/2025,15/06/2025,Wendy,Jun," $2,962.55 ", $158.40 
16/05/2025,North,Desk,11, $465.24 ,Store A,Wholesale,0,Carlos," $5,117.64 ",Debit Card,,1,REG100130,Cust 9794, $17.59 ,16/05/2025,23/05/2025,Ryan,May," $5,100.05 ", $-   
18/07/2024,East,Phone,14, $442.65 ,Store B,Retail,0,Eva," $6,197.10 ",Gift Card,SAVE10,0,REG100131,Cust 2414, $28.76 ,18/07/2024,24/07/2024,Eric,Jul," $6,168.34 ", $-   
17/09/2023,West,Laptop,12, $469.44 ,Store B,Wholesale,0,Bob," $5,633.28 ",Online,FREESHIP,0,REG100132,Cust 9024, $33.30 ,17/09/2023,26/09/2023,Wendy,Sep," $5,599.98 ", $-   
13/03/2023,East,Monitor,14, $248.77 ,Store C,Wholesale,0.05,Bob," $3,308.64 ",Debit Card,FREESHIP,1,REG100133,Cust 2663, $21.76 ,13/03/2023,19/03/2023,Eric,Mar," $3,286.88 ", $174.14 
29/03/2023,South,Chair,4, $565.29 ,Store D,Wholesale,0.05,Alice," $2,148.10 ",Cash,,0,REG100134,Cust 2293, $27.04 ,29/03/2023,03/04/2023,Sophie,Mar," $2,121.06 ", $113.06 
14/07/2023,Central,Desk,12, $244.80 ,Store B,Wholesale,0.05,Frank," $2,790.72 ",Online,FREESHIP,0,REG100135,Cust 8963, $44.75 ,14/07/2023,23/07/2023,Cameron,Jul," $2,745.97 ", $146.88 
22/03/2024,West,Laptop,13, $290.93 ,Store C,Retail,0.05,Diana," $3,592.99 ",Credit Card,FREESHIP,0,REG100136,Cust 9238, $26.09 ,22/03/2024,31/03/2024,Wendy,Mar," $3,566.90 ", $189.10 
14/05/2024,Central,Laptop,11, $229.49 ,Store C,Retail,0.1,Bob," $2,271.95 ",Cash,,0,REG100137,Cust 1390, $35.39 ,14/05/2024,17/05/2024,Cameron,May," $2,236.56 ", $252.44 
30/05/2023,Central,Monitor,2, $427.36 ,Store A,Wholesale,0.05,Diana, $811.98 ,Online,SAVE10,0,REG100138,Cust 8548, $19.42 ,30/05/2023,02/06/2023,Cameron,May, $792.56 , $42.74 
19/03/2023,North,Phone,2, $443.51 ,Store C,Wholesale,0.05,Alice, $842.67 ,Cash,,0,REG100139,Cust 2919, $13.65 ,19/03/2023,22/03/2023,Ryan,Mar, $829.02 , $44.35 
09/08/2023,Central,Desk,13, $280.63 ,Store B,Wholesale,0.15,Alice," $3,100.96 ",Credit Card,SAVE10,0,REG100140,Cust 5847, $10.14 ,09/08/2023,14/08/2023,Cameron,Aug," $3,090.82 ", $547.23 
13/10/2024,North,Chair,13, $416.66 ,Store B,Wholesale,0.15,Bob," $4,604.09 ",Credit Card,WINTER15,0,REG100141,Cust 5711, $21.74 ,13/10/2024,20/10/2024,Ryan,Oct," $4,582.35 ", $812.49 
17/02/2025,East,Chair,11, $589.48 ,Store B,Retail,0,Alice," $6,484.28 ",Online,WINTER15,0,REG100142,Cust 5461, $49.93 ,17/02/2025,25/02/2025,Eric,Feb," $6,434.35 ", $-   
11/06/2025,North,Phone,18, $152.84 ,Store C,Retail,0.15,Diana," $2,338.45 ",Debit Card,FREESHIP,1,REG100143,Cust 8905, $20.30 ,11/06/2025,20/06/2025,Ryan,Jun," $2,318.15 ", $412.67 
29/04/2024,Central,Tablet,4, $163.66 ,Store B,Retail,0,Bob, $654.64 ,Gift Card,WINTER15,1,REG100144,Cust 9618, $31.80 ,29/04/2024,01/05/2024,Cameron,Apr, $622.84 , $-   
18/03/2023,West,Laptop,19, $484.25 ,Store C,Wholesale,0.15,Bob," $7,820.64 ",Debit Card,FREESHIP,1,REG100145,Cust 5203, $29.51 ,18/03/2023,20/03/2023,Wendy,Mar," $7,791.13 "," $1,380.11 "
21/12/2024,North,Chair,9, $380.40 ,Store B,Retail,0.1,Carlos," $3,081.24 ",Credit Card,,0,REG100146,Cust 1732, $31.00 ,21/12/2024,27/12/2024,Ryan,Dec," $3,050.24 ", $342.36 
23/04/2023,West,Chair,17, $332.38 ,Store A,Retail,0.1,Frank," $5,085.41 ",Credit Card,SAVE10,1,REG100147,Cust 4734, $33.81 ,23/04/2023,02/05/2023,Wendy,Apr," $5,051.60 ", $565.05 
11/05/2025,Central,Chair,15, $210.94 ,Store C,Wholesale,0.05,Frank," $3,005.90 ",Online,SAVE10,0,REG100148,Cust 5895, $10.91 ,11/05/2025,21/05/2025,Cameron,May," $2,994.99 ", $158.21 
03/03/2024,South,Phone,9, $382.80 ,Store D,Wholesale,0,Eva," $3,445.20 ",Cash,,0,REG100149,Cust 9691, $47.94 ,03/03/2024,05/03/2024,Sophie,Mar," $3,397.26 ", $-   
20/01/2025,North,Monitor,3, $386.29 ,Store C,Retail,0.15,Carlos, $985.04 ,Credit Card,FREESHIP,0,REG100150,Cust 5406, $32.45 ,20/01/2025,30/01/2025,Ryan,Jan, $952.59 , $173.83 
22/03/2025,North,Tablet,5, $225.99 ,Store C,Retail,0,Eva," $1,129.95 ",Online,SAVE10,1,REG100151,Cust 5750, $10.88 ,22/03/2025,30/03/2025,Ryan,Mar," $1,119.07 ", $-   
28/03/2025,South,Printer,20, $312.56 ,Store D,Retail,0.15,Frank," $5,313.52 ",Gift Card,WINTER15,0,REG100152,Cust 6506, $47.39 ,28/03/2025,30/03/2025,Sophie,Mar," $5,266.13 ", $937.68 
17/02/2025,North,Phone,13, $433.77 ,Store C,Wholesale,0.05,Frank," $5,357.06 ",Cash,FREESHIP,0,REG100153,Cust 8280, $17.61 ,17/02/2025,21/02/2025,Ryan,Feb," $5,339.45 ", $281.95 
08/11/2024,South,Tablet,20, $159.33 ,Store A,Wholesale,0,Eva," $3,186.60 ",Online,FREESHIP,0,REG100154,Cust 4358, $26.32 ,08/11/2024,11/11/2024,Sophie,Nov," $3,160.28 ", $-   
17/03/2024,South,Phone,18, $32.23 ,Store B,Retail,0.05,Bob, $551.13 ,Credit Card,FREESHIP,0,REG100155,Cust 3588, $6.04 ,17/03/2024,21/03/2024,Sophie,Mar, $545.09 , $29.01 
29/08/2023,South,Monitor,3, $527.77 ,Store C,Retail,0.1,Bob," $1,424.98 ",Cash,FREESHIP,0,REG100156,Cust 4539, $48.66 ,29/08/2023,01/09/2023,Sophie,Aug," $1,376.32 ", $158.33 
22/06/2023,South,Chair,14, $291.09 ,Store A,Retail,0,Carlos," $4,075.26 ",Cash,,0,REG100157,Cust 7067, $39.98 ,22/06/2023,30/06/2023,Sophie,Jun," $4,035.28 ", $-   
24/02/2024,South,Phone,8, $350.12 ,Store C,Retail,0,Alice," $2,800.96 ",Gift Card,FREESHIP,1,REG100158,Cust 7720, $31.65 ,24/02/2024,01/03/2024,Sophie,Feb," $2,769.31 ", $-   
10/04/2024,North,Phone,10, $195.26 ,Store D,Retail,0.05,Alice," $1,854.97 ",Credit Card,WINTER15,0,REG100159,Cust 5668, $46.91 ,10/04/2024,15/04/2024,Ryan,Apr," $1,808.06 ", $97.63 
14/05/2023,South,Monitor,13, $291.10 ,Store A,Wholesale,0,Alice," $3,784.30 ",Online,FREESHIP,0,REG100160,Cust 8367, $7.66 ,14/05/2023,19/05/2023,Sophie,May," $3,776.64 ", $-   
11/03/2023,South,Monitor,6, $93.92 ,Store B,Wholesale,0.15,Eva, $478.99 ,Credit Card,FREESHIP,0,REG100161,Cust 4438, $11.00 ,11/03/2023,18/03/2023,Sophie,Mar, $467.99 , $84.53 
24/08/2024,Central,Printer,5, $15.92 ,Store D,Retail,0,Eva, $79.60 ,Credit Card,,1,REG100162,Cust 3481, $8.66 ,24/08/2024,26/08/2024,Cameron,Aug, $70.94 , $-   
23/02/2024,South,Monitor,16, $120.22 ,Store D,Retail,0.15,Bob," $1,634.99 ",Cash,SAVE10,0,REG100163,Cust 1489, $8.42 ,23/02/2024,01/03/2024,Sophie,Feb," $1,626.57 ", $288.53 
30/01/2024,North,Monitor,11, $118.80 ,Store A,Retail,0.05,Eva," $1,241.46 ",Online,SAVE10,0,REG100164,Cust 6649, $39.32 ,30/01/2024,06/02/2024,Ryan,Jan," $1,202.14 ", $65.34 
23/01/2024,East,Tablet,10, $92.45 ,Store C,Wholesale,0.1,Frank, $832.05 ,Cash,WINTER15,1,REG100165,Cust 6114, $42.61 ,23/01/2024,29/01/2024,Eric,Jan, $789.44 , $92.45 
05/01/2023,North,Laptop,19, $463.51 ,Store B,Retail,0,Bob," $8,806.69 ",Cash,FREESHIP,0,REG100166,Cust 9589, $49.38 ,05/01/2023,08/01/2023,Ryan,Jan," $8,757.31 ", $-   
21/12/2023,North,Desk,7, $284.70 ,Store D,Wholesale,0.05,Bob," $1,893.26 ",Gift Card,,0,REG100167,Cust 8184, $5.36 ,21/12/2023,30/12/2023,Ryan,Dec," $1,887.90 ", $99.65 
25/05/2023,West,Laptop,20, $343.25 ,Store C,Wholesale,0.05,Alice," $6,521.75 ",Debit Card,FREESHIP,0,REG100168,Cust 2490, $28.77 ,25/05/2023,02/06/2023,Wendy,May," $6,492.98 ", $343.25 
30/06/2025,Central,Chair,6, $95.24 ,Store D,Wholesale,0.15,Diana, $485.72 ,Gift Card,FREESHIP,0,REG100169,Cust 1647, $18.72 ,30/06/2025,08/07/2025,Cameron,Jun, $467.00 , $85.72 
12/02/2025,West,Desk,13, $104.80 ,Store B,Retail,0.05,Diana," $1,294.28 ",Credit Card,WINTER15,0,REG100170,Cust 2017, $7.79 ,12/02/2025,19/02/2025,Wendy,Feb," $1,286.49 ", $68.12 
03/01/2024,West,Tablet,12, $164.31 ,Store B,Wholesale,0.1,Eva," $1,774.55 ",Cash,,1,REG100171,Cust 3446, $38.90 ,03/01/2024,07/01/2024,Wendy,Jan," $1,735.65 ", $197.17 
03/02/2023,South,Tablet,10, $325.18 ,Store C,Wholesale,0.1,Alice," $2,926.62 ",Cash,WINTER15,0,REG100172,Cust 4877, $47.39 ,03/02/2023,13/02/2023,Sophie,Feb," $2,879.23 ", $325.18 
01/03/2024,East,Monitor,17, $542.82 ,Store A,Wholesale,0,Alice," $9,227.94 ",Debit Card,WINTER15,1,REG100173,Cust 9112, $7.13 ,01/03/2024,08/03/2024,Eric,Mar," $9,220.81 ", $-   
24/05/2023,North,Tablet,14, $207.48 ,Store C,Wholesale,0.05,Eva," $2,759.48 ",Online,,0,REG100174,Cust 8172, $5.70 ,24/05/2023,02/06/2023,Ryan,May," $2,753.78 ", $145.24 
22/06/2025,North,Printer,17, $527.88 ,Store D,Retail,0.05,Bob," $8,525.26 ",Cash,WINTER15,0,REG100175,Cust 4597, $21.32 ,22/06/2025,28/06/2025,Ryan,Jun," $8,503.94 ", $448.70 
10/04/2023,North,Chair,11, $71.21 ,Store B,Retail,0.05,Diana, $744.14 ,Online,,1,REG100176,Cust 3690, $44.20 ,10/04/2023,14/04/2023,Ryan,Apr, $699.94 , $39.17 
04/03/2025,Central,Printer,8, $486.07 ,Store B,Retail,0,Carlos," $3,888.56 ",Debit Card,FREESHIP,0,REG100177,Cust 2893, $10.68 ,04/03/2025,10/03/2025,Cameron,Mar," $3,877.88 ", $-   
11/07/2024,East,Laptop,6, $555.03 ,Store C,Retail,0.1,Frank," $2,997.16 ",Credit Card,,1,REG100178,Cust 5602, $23.69 ,11/07/2024,20/07/2024,Eric,Jul," $2,973.47 ", $333.02 
17/08/2024,East,Desk,13, $421.08 ,Store B,Wholesale,0,Bob," $5,474.04 ",Cash,,0,REG100179,Cust 5616, $24.51 ,17/08/2024,20/08/2024,Eric,Aug," $5,449.53 ", $-   
30/06/2025,North,Laptop,16, $76.17 ,Store D,Wholesale,0.1,Alice," $1,096.85 ",Cash,WINTER15,0,REG100180,Cust 1312, $41.88 ,30/06/2025,09/07/2025,Ryan,Jun," $1,054.97 ", $121.87 
06/11/2024,South,Printer,3, $503.55 ,Store C,Wholesale,0.1,Bob," $1,359.59 ",Credit Card,WINTER15,0,REG100181,Cust 6315, $37.49 ,06/11/2024,13/11/2024,Sophie,Nov," $1,322.10 ", $151.07 
01/04/2025,East,Tablet,5, $31.56 ,Store D,Retail,0,Diana, $157.80 ,Online,SAVE10,1,REG100182,Cust 1224, $29.56 ,01/04/2025,04/04/2025,Eric,Apr, $128.24 , $-   
01/07/2024,West,Laptop,16, $72.92 ,Store C,Wholesale,0.05,Frank," $1,108.38 ",Cash,FREESHIP,0,REG100183,Cust 7182, $5.70 ,01/07/2024,06/07/2024,Wendy,Jul," $1,102.68 ", $58.34 
09/12/2023,West,Printer,18, $421.93 ,Store D,Retail,0.05,Bob," $7,215.00 ",Gift Card,WINTER15,0,REG100184,Cust 7901, $23.42 ,09/12/2023,18/12/2023,Wendy,Dec," $7,191.58 ", $379.74 
27/06/2023,North,Desk,15, $478.41 ,Store B,Retail,0.1,Carlos," $6,458.54 ",Debit Card,FREESHIP,0,REG100185,Cust 1736, $35.63 ,27/06/2023,30/06/2023,Ryan,Jun," $6,422.91 ", $717.62 
14/07/2023,South,Chair,9, $501.74 ,Store D,Retail,0,Bob," $4,515.66 ",Online,SAVE10,1,REG100186,Cust 7795, $39.74 ,14/07/2023,17/07/2023,Sophie,Jul," $4,475.92 ", $-   
08/02/2023,South,Tablet,7, $247.53 ,Store C,Wholesale,0.15,Alice," $1,472.80 ",Gift Card,FREESHIP,0,REG100187,Cust 2471, $13.63 ,08/02/2023,16/02/2023,Sophie,Feb," $1,459.17 ", $259.91 
28/06/2024,West,Tablet,6, $176.51 ,Store C,Wholesale,0.15,Carlos, $900.20 ,Debit Card,FREESHIP,1,REG100188,Cust 3068, $31.02 ,28/06/2024,07/07/2024,Wendy,Jun, $869.18 , $158.86 
15/04/2024,West,Laptop,2, $143.43 ,Store D,Wholesale,0,Bob, $286.86 ,Credit Card,,0,REG100189,Cust 3848, $36.94 ,15/04/2024,22/04/2024,Wendy,Apr, $249.92 , $-   
27/11/2023,East,Monitor,12, $538.50 ,Store C,Wholesale,0.05,Alice," $6,138.90 ",Cash,SAVE10,0,REG100190,Cust 7777, $18.54 ,27/11/2023,06/12/2023,Eric,Nov," $6,120.36 ", $323.10 
27/03/2025,East,Printer,5, $87.17 ,Store D,Wholesale,0,Carlos, $435.85 ,Debit Card,,0,REG100191,Cust 6613, $13.01 ,27/03/2025,29/03/2025,Eric,Mar, $422.84 , $-   
06/08/2023,South,Monitor,7, $498.32 ,Store B,Wholesale,0.1,Alice," $3,139.42 ",Credit Card,WINTER15,1,REG100192,Cust 2326, $27.65 ,06/08/2023,10/08/2023,Sophie,Aug," $3,111.77 ", $348.82 
13/12/2024,South,Printer,15, $57.14 ,Store B,Wholesale,0.15,Carlos, $728.54 ,Debit Card,FREESHIP,0,REG100193,Cust 8304, $7.02 ,13/12/2024,22/12/2024,Sophie,Dec, $721.52 , $128.57 
17/01/2025,Central,Tablet,18, $124.18 ,Store B,Wholesale,0.15,Carlos," $1,899.95 ",Debit Card,SAVE10,0,REG100194,Cust 3630, $45.77 ,17/01/2025,26/01/2025,Cameron,Jan," $1,854.18 ", $335.29 
26/11/2023,West,Desk,12, $107.45 ,Store C,Retail,0.1,Bob," $1,160.46 ",Online,FREESHIP,0,REG100195,Cust 8617, $18.17 ,26/11/2023,02/12/2023,Wendy,Nov," $1,142.29 ", $128.94 
14/02/2023,East,Chair,8, $411.26 ,Store A,Retail,0.1,Frank," $2,961.07 ",Gift Card,WINTER15,0,REG100196,Cust 3530, $28.57 ,14/02/2023,18/02/2023,Eric,Feb," $2,932.50 ", $329.01 
02/02/2025,Central,Printer,7, $248.10 ,Store C,Retail,0,Diana," $1,736.70 ",Cash,WINTER15,0,REG100197,Cust 3884, $31.80 ,02/02/2025,06/02/2025,Cameron,Feb," $1,704.90 ", $-   
11/04/2023,West,Printer,3, $486.52 ,Store B,Wholesale,0.1,Carlos," $1,313.60 ",Gift Card,,0,REG100198,Cust 5739, $16.50 ,11/04/2023,20/04/2023,Wendy,Apr," $1,297.10 ", $145.96 
08/07/2024,North,Monitor,18, $415.04 ,Store C,Wholesale,0.1,Eva," $6,723.65 ",Cash,WINTER15,0,REG100199,Cust 9707, $33.58 ,08/07/2024,13/07/2024,Ryan,Jul," $6,690.07 ", $747.07 
08/02/2023,Central,Printer,19, $165.38 ,Store B,Wholesale,0.15,Alice," $2,670.89 ",Online,,0,REG100200,Cust 9288, $25.20 ,08/02/2023,14/02/2023,Cameron,Feb," $2,645.69 ", $471.33 
09/04/2024,West,Desk,2, $117.47 ,Store C,Wholesale,0,Eva, $234.94 ,Credit Card,FREESHIP,0,REG100201,Cust 1216, $6.58 ,09/04/2024,16/04/2024,Wendy,Apr, $228.36 , $-   
14/08/2023,Central,Printer,9, $461.79 ,Store C,Wholesale,0.15,Frank," $3,532.69 ",Gift Card,,0,REG100202,Cust 2489, $47.81 ,14/08/2023,18/08/2023,Cameron,Aug," $3,484.88 ", $623.42 
02/09/2024,West,Tablet,19, $208.72 ,Store D,Retail,0.05,Frank," $3,767.40 ",Credit Card,FREESHIP,0,REG100203,Cust 7171, $38.41 ,02/09/2024,06/09/2024,Wendy,Sep," $3,728.99 ", $198.28 
29/06/2025,Central,Monitor,16, $278.13 ,Store A,Wholesale,0.15,Alice," $3,782.57 ",Cash,SAVE10,0,REG100204,Cust 9125, $24.29 ,29/06/2025,04/07/2025,Cameron,Jun," $3,758.28 ", $667.51 
02/04/2025,West,Laptop,2, $580.19 ,Store B,Wholesale,0.05,Diana," $1,102.36 ",Debit Card,WINTER15,0,REG100205,Cust 9697, $7.33 ,02/04/2025,08/04/2025,Wendy,Apr," $1,095.03 ", $58.02 
27/04/2023,Central,Tablet,8, $536.43 ,Store B,Retail,0,Carlos," $4,291.44 ",Cash,,1,REG100206,Cust 8171, $14.58 ,27/04/2023,07/05/2023,Cameron,Apr," $4,276.86 ", $-   
07/08/2024,East,Phone,1, $94.33 ,Store A,Wholesale,0,Carlos, $94.33 ,Online,,0,REG100207,Cust 2004, $49.17 ,07/08/2024,17/08/2024,Eric,Aug, $45.16 , $-   
15/04/2023,West,Laptop,16, $489.94 ,Store C,Retail,0.1,Frank," $7,055.14 ",Cash,SAVE10,0,REG100208,Cust 4214, $9.69 ,15/04/2023,25/04/2023,Wendy,Apr," $7,045.45 ", $783.90 
12/08/2023,South,Desk,4, $551.71 ,Store A,Retail,0.05,Eva," $2,096.50 ",Gift Card,,1,REG100209,Cust 9837, $26.32 ,12/08/2023,15/08/2023,Sophie,Aug," $2,070.18 ", $110.34 
19/06/2023,West,Printer,17, $595.57 ,Store D,Retail,0.15,Bob," $8,605.99 ",Credit Card,WINTER15,0,REG100210,Cust 2082, $9.73 ,19/06/2023,28/06/2023,Wendy,Jun," $8,596.26 "," $1,518.70 "
29/12/2023,East,Printer,1, $180.12 ,Store A,Wholesale,0.1,Eva, $162.11 ,Debit Card,,0,REG100211,Cust 3001, $27.07 ,29/12/2023,07/01/2024,Eric,Dec, $135.04 , $18.01 
26/03/2023,East,Desk,12, $301.50 ,Store D,Retail,0.15,Bob," $3,075.30 ",Credit Card,FREESHIP,1,REG100212,Cust 6161, $43.67 ,26/03/2023,30/03/2023,Eric,Mar," $3,031.63 ", $542.70 
01/09/2023,South,Phone,20, $273.55 ,Store D,Retail,0.15,Frank," $4,650.35 ",Debit Card,,0,REG100213,Cust 5220, $14.76 ,01/09/2023,07/09/2023,Sophie,Sep," $4,635.59 ", $820.65 
05/08/2024,West,Tablet,6, $187.06 ,Store B,Wholesale,0.1,Frank," $1,010.12 ",Debit Card,FREESHIP,0,REG100214,Cust 3386, $11.03 ,05/08/2024,13/08/2024,Wendy,Aug, $999.09 , $112.24 
23/01/2025,North,Chair,16, $562.52 ,Store D,Retail,0,Frank," $9,000.32 ",Gift Card,,0,REG100215,Cust 1591, $18.23 ,23/01/2025,27/01/2025,Ryan,Jan," $8,982.09 ", $-   
16/05/2023,East,Tablet,4, $85.16 ,Store D,Wholesale,0.1,Carlos, $306.58 ,Credit Card,,0,REG100216,Cust 3434, $38.51 ,16/05/2023,23/05/2023,Eric,May, $268.07 , $34.06 
14/02/2023,North,Tablet,12, $451.51 ,Store B,Wholesale,0.15,Carlos," $4,605.40 ",Online,WINTER15,0,REG100217,Cust 1501, $9.54 ,14/02/2023,22/02/2023,Ryan,Feb," $4,595.86 ", $812.72 
03/06/2024,Central,Tablet,1, $259.87 ,Store D,Retail,0.15,Eva, $220.89 ,Gift Card,FREESHIP,0,REG100218,Cust 9683, $19.20 ,03/06/2024,12/06/2024,Cameron,Jun, $201.69 , $38.98 
08/11/2023,Central,Tablet,20, $268.25 ,Store D,Retail,0.05,Diana," $5,096.75 ",Cash,FREESHIP,0,REG100219,Cust 5416, $20.96 ,08/11/2023,15/11/2023,Cameron,Nov," $5,075.79 ", $268.25 
24/01/2023,West,Phone,10, $266.13 ,Store B,Wholesale,0,Diana," $2,661.30 ",Gift Card,WINTER15,0,REG100220,Cust 2153, $21.01 ,24/01/2023,26/01/2023,Wendy,Jan," $2,640.29 ", $-   
20/03/2025,West,Laptop,18, $493.06 ,Store D,Wholesale,0.05,Diana," $8,431.33 ",Cash,WINTER15,1,REG100221,Cust 3572, $46.87 ,20/03/2025,28/03/2025,Wendy,Mar," $8,384.46 ", $443.75 
22/02/2024,West,Monitor,4, $36.82 ,Store C,Wholesale,0.05,Frank, $139.92 ,Credit Card,WINTER15,1,REG100222,Cust 6372, $24.86 ,22/02/2024,01/03/2024,Wendy,Feb, $115.06 , $7.36 
02/04/2025,North,Printer,12, $413.45 ,Store D,Retail,0.15,Bob," $4,217.19 ",Cash,FREESHIP,0,REG100223,Cust 6109, $23.25 ,02/04/2025,10/04/2025,Ryan,Apr," $4,193.94 ", $744.21 
12/06/2025,North,Chair,19, $446.25 ,Store B,Retail,0.1,Eva," $7,630.88 ",Gift Card,,0,REG100224,Cust 5234, $14.88 ,12/06/2025,18/06/2025,Ryan,Jun," $7,616.00 ", $847.88 
13/05/2023,East,Laptop,7, $82.77 ,Store D,Wholesale,0.15,Frank, $492.48 ,Debit Card,SAVE10,1,REG100225,Cust 5530, $15.66 ,13/05/2023,17/05/2023,Eric,May, $476.82 , $86.91 
25/03/2023,South,Desk,17, $339.88 ,Store A,Retail,0,Alice," $5,777.96 ",Cash,,0,REG100226,Cust 5398, $44.86 ,25/03/2023,28/03/2023,Sophie,Mar," $5,733.10 ", $-   
22/11/2024,South,Printer,19, $364.32 ,Store B,Retail,0.15,Frank," $5,883.77 ",Debit Card,,1,REG100227,Cust 3247, $39.76 ,22/11/2024,25/11/2024,Sophie,Nov," $5,844.01 "," $1,038.31 "
07/07/2023,East,Tablet,3, $71.91 ,Store B,Wholesale,0,Alice, $215.73 ,Gift Card,WINTER15,1,REG100228,Cust 7137, $46.25 ,07/07/2023,17/07/2023,Eric,Jul, $169.48 , $-   
05/10/2024,East,Tablet,20, $576.30 ,Store D,Wholesale,0.05,Eva," $10,949.70 ",Credit Card,,0,REG100229,Cust 4627, $25.22 ,05/10/2024,09/10/2024,Eric,Oct," $10,924.48 ", $576.30 
31/03/2024,West,Laptop,7, $120.60 ,Store B,Wholesale,0,Diana, $844.20 ,Online,WINTER15,0,REG100230,Cust 4878, $43.80 ,31/03/2024,08/04/2024,Wendy,Mar, $800.40 , $-   
01/04/2025,West,Printer,8, $96.19 ,Store A,Wholesale,0.05,Carlos, $731.04 ,Debit Card,SAVE10,0,REG100231,Cust 2779, $34.07 ,01/04/2025,04/04/2025,Wendy,Apr, $696.97 , $38.48 
23/08/2023,West,Printer,14, $471.17 ,Store A,Wholesale,0.05,Carlos," $6,266.56 ",Gift Card,FREESHIP,0,REG100232,Cust 8606, $26.38 ,23/08/2023,26/08/2023,Wendy,Aug," $6,240.18 ", $329.82 
14/08/2024,South,Phone,20, $14.33 ,Store D,Wholesale,0.1,Carlos, $257.94 ,Debit Card,,0,REG100233,Cust 9599, $6.22 ,14/08/2024,21/08/2024,Sophie,Aug, $251.72 , $28.66 
14/02/2025,Central,Tablet,18, $499.61 ,Store B,Retail,0.15,Alice," $7,644.03 ",Debit Card,,0,REG100234,Cust 4500, $9.64 ,14/02/2025,19/02/2025,Cameron,Feb," $7,634.39 "," $1,348.95 "
11/11/2023,West,Monitor,14, $16.33 ,Store B,Wholesale,0.1,Diana, $205.76 ,Debit Card,WINTER15,0,REG100235,Cust 4173, $22.72 ,11/11/2023,16/11/2023,Wendy,Nov, $183.04 , $22.86 
01/04/2024,Central,Desk,17, $480.62 ,Store C,Wholesale,0.15,Carlos," $6,944.96 ",Online,FREESHIP,0,REG100236,Cust 7607, $37.09 ,01/04/2024,09/04/2024,Cameron,Apr," $6,907.87 "," $1,225.58 "
13/06/2024,South,Chair,5, $555.84 ,Store C,Retail,0.05,Diana," $2,640.24 ",Credit Card,,0,REG100237,Cust 4768, $29.40 ,13/06/2024,20/06/2024,Sophie,Jun," $2,610.84 ", $138.96 
28/11/2023,North,Chair,18, $174.03 ,Store B,Wholesale,0.1,Frank," $2,819.29 ",Online,SAVE10,0,REG100238,Cust 5746, $32.19 ,28/11/2023,03/12/2023,Ryan,Nov," $2,787.10 ", $313.25 
11/11/2024,Central,Desk,11, $286.05 ,Store A,Retail,0.1,Bob," $2,831.90 ",Debit Card,,1,REG100239,Cust 3002, $8.59 ,11/11/2024,16/11/2024,Cameron,Nov," $2,823.31 ", $314.66 
04/11/2024,North,Desk,16, $40.73 ,Store D,Retail,0,Alice, $651.68 ,Credit Card,,0,REG100240,Cust 3237, $24.72 ,04/11/2024,08/11/2024,Ryan,Nov, $626.96 , $-   
01/01/2023,Central,Chair,11, $468.22 ,Store D,Retail,0,Carlos," $5,150.42 ",Debit Card,WINTER15,0,REG100241,Cust 6437, $19.92 ,01/01/2023,11/01/2023,Cameron,Jan," $5,130.50 ", $-   
18/01/2025,North,Tablet,1, $411.54 ,Store C,Retail,0.1,Eva, $370.39 ,Gift Card,WINTER15,0,REG100242,Cust 8806, $7.46 ,18/01/2025,20/01/2025,Ryan,Jan, $362.93 , $41.15 
02/05/2023,Central,Printer,13, $134.20 ,Store A,Wholesale,0.05,Eva," $1,657.37 ",Credit Card,WINTER15,0,REG100243,Cust 8678, $9.60 ,02/05/2023,10/05/2023,Cameron,May," $1,647.77 ", $87.23 
27/05/2025,West,Printer,10, $351.23 ,Store B,Retail,0.15,Frank," $2,985.46 ",Online,,0,REG100244,Cust 9649, $42.74 ,27/05/2025,02/06/2025,Wendy,May," $2,942.72 ", $526.85 
27/12/2024,South,Monitor,14, $551.14 ,Store C,Wholesale,0.1,Diana," $6,944.36 ",Online,FREESHIP,1,REG100245,Cust 1960, $12.35 ,27/12/2024,05/01/2025,Sophie,Dec," $6,932.01 ", $771.60 
18/03/2025,West,Chair,2, $131.13 ,Store B,Retail,0.1,Eva, $236.03 ,Debit Card,,0,REG100246,Cust 3910, $14.74 ,18/03/2025,24/03/2025,Wendy,Mar, $221.29 , $26.23 
24/03/2024,East,Laptop,6, $595.11 ,Store C,Wholesale,0,Diana," $3,570.66 ",Cash,SAVE10,1,REG100247,Cust 4944, $28.92 ,24/03/2024,31/03/2024,Eric,Mar," $3,541.74 ", $-   
26/12/2024,East,Laptop,6, $516.66 ,Store C,Wholesale,0.05,Bob," $2,944.96 ",Online,,1,REG100248,Cust 9618, $5.15 ,26/12/2024,03/01/2025,Eric,Dec," $2,939.81 ", $155.00 
11/01/2023,North,Desk,6, $202.57 ,Store D,Retail,0.05,Eva," $1,154.65 ",Gift Card,FREESHIP,0,REG100249,Cust 2279, $24.39 ,11/01/2023,14/01/2023,Ryan,Jan," $1,130.26 ", $60.77 
01/06/2025,South,Laptop,13, $306.16 ,Store A,Wholesale,0.15,Frank," $3,383.07 ",Cash,SAVE10,0,REG100250,Cust 4689, $25.16 ,01/06/2025,10/06/2025,Sophie,Jun," $3,357.91 ", $597.01 
26/09/2024,East,Desk,11, $472.74 ,Store D,Retail,0.15,Carlos," $4,420.12 ",Credit Card,,1,REG100251,Cust 7381, $16.80 ,26/09/2024,01/10/2024,Eric,Sep," $4,403.32 ", $780.02 
10/08/2024,East,Phone,20, $337.37 ,Store C,Retail,0.1,Diana," $6,072.66 ",Gift Card,,0,REG100252,Cust 2724, $43.17 ,10/08/2024,17/08/2024,Eric,Aug," $6,029.49 ", $674.74 
02/03/2025,South,Phone,12, $34.24 ,Store C,Retail,0.1,Frank, $369.79 ,Cash,,0,REG100253,Cust 2823, $17.64 ,02/03/2025,10/03/2025,Sophie,Mar, $352.15 , $41.09 
21/02/2023,East,Tablet,4, $477.05 ,Store B,Wholesale,0,Carlos," $1,908.20 ",Credit Card,WINTER15,0,REG100254,Cust 9402, $45.54 ,21/02/2023,02/03/2023,Eric,Feb," $1,862.66 ", $-   
20/11/2024,East,Laptop,6, $562.93 ,Store C,Retail,0,Alice," $3,377.58 ",Credit Card,WINTER15,0,REG100255,Cust 6561, $43.73 ,20/11/2024,27/11/2024,Eric,Nov," $3,333.85 ", $-   
26/08/2023,East,Chair,20, $18.29 ,Store B,Retail,0,Diana, $365.80 ,Debit Card,FREESHIP,1,REG100256,Cust 3116, $35.37 ,26/08/2023,29/08/2023,Eric,Aug, $330.43 , $-   
01/01/2024,South,Monitor,7, $208.86 ,Store B,Retail,0,Frank," $1,462.02 ",Cash,FREESHIP,0,REG100257,Cust 1015, $20.64 ,01/01/2024,08/01/2024,Sophie,Jan," $1,441.38 ", $-   
24/11/2024,South,Printer,12, $330.36 ,Store D,Retail,0.05,Diana," $3,766.10 ",Cash,WINTER15,0,REG100258,Cust 1207, $48.33 ,24/11/2024,30/11/2024,Sophie,Nov," $3,717.77 ", $198.22 
25/08/2024,South,Tablet,7, $50.26 ,Store C,Retail,0.15,Diana, $299.05 ,Cash,,0,REG100259,Cust 2501, $17.12 ,25/08/2024,01/09/2024,Sophie,Aug, $281.93 , $52.77 
10/06/2023,South,Laptop,2, $374.59 ,Store C,Wholesale,0.15,Carlos, $636.80 ,Online,SAVE10,0,REG100260,Cust 2330, $34.64 ,10/06/2023,18/06/2023,Sophie,Jun, $602.16 , $112.38 
18/12/2024,North,Printer,7, $467.60 ,Store A,Retail,0.1,Carlos," $2,945.88 ",Debit Card,,0,REG100261,Cust 7436, $15.64 ,18/12/2024,26/12/2024,Ryan,Dec," $2,930.24 ", $327.32 
28/08/2023,East,Chair,3, $376.24 ,Store A,Retail,0.05,Frank," $1,072.28 ",Debit Card,FREESHIP,1,REG100262,Cust 2762, $6.15 ,28/08/2023,01/09/2023,Eric,Aug," $1,066.13 ", $56.44 
22/01/2023,West,Phone,13, $140.49 ,Store A,Retail,0,Eva," $1,826.37 ",Debit Card,SAVE10,0,REG100263,Cust 3599, $17.69 ,22/01/2023,31/01/2023,Wendy,Jan," $1,808.68 ", $-   
07/02/2023,North,Monitor,3, $506.33 ,Store B,Retail,0.15,Frank," $1,291.14 ",Debit Card,FREESHIP,0,REG100264,Cust 4127, $25.71 ,07/02/2023,14/02/2023,Ryan,Feb," $1,265.43 ", $227.85 
22/11/2023,South,Monitor,8, $138.73 ,Store A,Wholesale,0.05,Frank," $1,054.35 ",Online,WINTER15,1,REG100265,Cust 6855, $48.51 ,22/11/2023,29/11/2023,Sophie,Nov," $1,005.84 ", $55.49 
25/01/2023,West,Desk,6, $134.53 ,Store C,Retail,0.15,Carlos, $686.10 ,Debit Card,FREESHIP,1,REG100266,Cust 7017, $33.50 ,25/01/2023,29/01/2023,Wendy,Jan, $652.60 , $121.08 
05/03/2025,South,Tablet,18, $375.96 ,Store D,Wholesale,0.05,Diana," $6,428.92 ",Debit Card,SAVE10,0,REG100267,Cust 6957, $26.78 ,05/03/2025,09/03/2025,Sophie,Mar," $6,402.14 ", $338.36 
02/02/2023,North,Printer,10, $538.47 ,Store D,Retail,0.1,Bob," $4,846.23 ",Gift Card,WINTER15,1,REG100268,Cust 9822, $17.25 ,02/02/2023,12/02/2023,Ryan,Feb," $4,828.98 ", $538.47 
24/05/2023,North,Tablet,15, $505.44 ,Store A,Wholesale,0.1,Alice," $6,823.44 ",Online,SAVE10,0,REG100269,Cust 7425, $37.50 ,24/05/2023,01/06/2023,Ryan,May," $6,785.94 ", $758.16 
30/05/2024,South,Printer,4, $312.09 ,Store C,Wholesale,0.15,Diana," $1,061.11 ",Debit Card,SAVE10,1,REG100270,Cust 6468, $17.99 ,30/05/2024,06/06/2024,Sophie,May," $1,043.12 ", $187.25 
23/01/2024,West,Desk,15, $579.58 ,Store C,Retail,0.15,Eva," $7,389.65 ",Credit Card,,0,REG100271,Cust 8897, $31.22 ,23/01/2024,31/01/2024,Wendy,Jan," $7,358.43 "," $1,304.06 "
06/02/2023,North,Chair,10, $217.43 ,Store A,Retail,0.15,Bob," $1,848.16 ",Credit Card,FREESHIP,0,REG100272,Cust 9816, $33.14 ,06/02/2023,15/02/2023,Ryan,Feb," $1,815.02 ", $326.15 
15/07/2024,West,Phone,15, $476.15 ,Store B,Wholesale,0.05,Carlos," $6,785.14 ",Online,SAVE10,0,REG100273,Cust 8227, $24.48 ,15/07/2024,19/07/2024,Wendy,Jul," $6,760.66 ", $357.11 
06/03/2025,East,Chair,5, $89.03 ,Store C,Wholesale,0.1,Frank, $400.64 ,Debit Card,WINTER15,0,REG100274,Cust 4990, $22.42 ,06/03/2025,16/03/2025,Eric,Mar, $378.22 , $44.52 
29/07/2023,Central,Phone,17, $6.88 ,Store A,Retail,0.1,Frank, $105.26 ,Gift Card,,0,REG100275,Cust 5834, $42.37 ,29/07/2023,08/08/2023,Cameron,Jul, $62.89 , $11.70 
26/07/2023,North,Printer,6, $355.26 ,Store D,Retail,0.1,Bob," $1,918.40 ",Online,WINTER15,0,REG100276,Cust 7330, $30.49 ,26/07/2023,29/07/2023,Ryan,Jul," $1,887.91 ", $213.16 
10/04/2024,West,Tablet,8, $294.76 ,Store C,Retail,0.1,Diana," $2,122.27 ",Online,SAVE10,0,REG100277,Cust 5273, $36.04 ,10/04/2024,13/04/2024,Wendy,Apr," $2,086.23 ", $235.81 
24/01/2025,North,Desk,16, $60.69 ,Store A,Wholesale,0,Carlos, $971.04 ,Credit Card,WINTER15,0,REG100278,Cust 6138, $7.03 ,24/01/2025,27/01/2025,Ryan,Jan, $964.01 , $-   
27/04/2025,West,Laptop,2, $559.63 ,Store B,Wholesale,0.1,Diana," $1,007.33 ",Credit Card,WINTER15,1,REG100279,Cust 2084, $42.34 ,27/04/2025,03/05/2025,Wendy,Apr, $964.99 , $111.93 
20/02/2025,East,Phone,4, $232.66 ,Store B,Wholesale,0.1,Frank, $837.58 ,Online,WINTER15,0,REG100280,Cust 2799, $11.88 ,20/02/2025,23/02/2025,Eric,Feb, $825.70 , $93.06 
14/09/2023,North,Printer,10, $230.87 ,Store A,Retail,0.15,Bob," $1,962.40 ",Debit Card,SAVE10,0,REG100281,Cust 5234, $28.33 ,14/09/2023,19/09/2023,Ryan,Sep," $1,934.07 ", $346.31 
17/04/2024,West,Tablet,7, $353.90 ,Store C,Wholesale,0.15,Alice," $2,105.71 ",Debit Card,SAVE10,1,REG100282,Cust 3051, $15.74 ,17/04/2024,27/04/2024,Wendy,Apr," $2,089.97 ", $371.60 
14/11/2024,Central,Tablet,12, $561.07 ,Store A,Retail,0,Alice," $6,732.84 ",Gift Card,,0,REG100283,Cust 5456, $35.02 ,14/11/2024,18/11/2024,Cameron,Nov," $6,697.82 ", $-   
25/07/2024,North,Chair,15, $247.21 ,Store D,Wholesale,0.1,Bob," $3,337.34 ",Gift Card,,0,REG100284,Cust 6029, $45.42 ,25/07/2024,27/07/2024,Ryan,Jul," $3,291.92 ", $370.82 
05/08/2024,East,Phone,19, $271.22 ,Store A,Wholesale,0.1,Alice," $4,637.86 ",Credit Card,WINTER15,0,REG100285,Cust 4002, $35.33 ,05/08/2024,15/08/2024,Eric,Aug," $4,602.53 ", $515.32 
23/01/2025,West,Laptop,6, $532.54 ,Store A,Wholesale,0,Diana," $3,195.24 ",Debit Card,,1,REG100286,Cust 5830, $25.09 ,23/01/2025,02/02/2025,Wendy,Jan," $3,170.15 ", $-   
27/04/2025,West,Printer,16, $329.54 ,Store A,Wholesale,0.15,Bob," $4,481.74 ",Debit Card,FREESHIP,1,REG100287,Cust 8088, $39.39 ,27/04/2025,03/05/2025,Wendy,Apr," $4,442.35 ", $790.90 
20/09/2024,South,Phone,6, $170.10 ,Store A,Retail,0,Eva," $1,020.60 ",Gift Card,FREESHIP,0,REG100288,Cust 6455, $38.61 ,20/09/2024,23/09/2024,Sophie,Sep, $981.99 , $-   
08/09/2023,West,Laptop,19, $212.83 ,Store D,Wholesale,0.15,Carlos," $3,437.20 ",Online,WINTER15,0,REG100289,Cust 4117, $42.88 ,08/09/2023,15/09/2023,Wendy,Sep," $3,394.32 ", $606.57 
20/04/2025,South,Laptop,5, $578.92 ,Store A,Wholesale,0,Bob," $2,894.60 ",Credit Card,,1,REG100290,Cust 1385, $44.09 ,20/04/2025,28/04/2025,Sophie,Apr," $2,850.51 ", $-   
20/06/2024,North,Phone,3, $456.92 ,Store C,Retail,0.1,Frank," $1,233.68 ",Gift Card,FREESHIP,0,REG100291,Cust 5185, $17.57 ,20/06/2024,27/06/2024,Ryan,Jun," $1,216.11 ", $137.08 
11/01/2023,East,Tablet,12, $521.53 ,Store D,Retail,0,Eva," $6,258.36 ",Credit Card,SAVE10,1,REG100292,Cust 8704, $49.59 ,11/01/2023,20/01/2023,Eric,Jan," $6,208.77 ", $-   
04/07/2023,North,Desk,17, $468.19 ,Store D,Retail,0.05,Diana," $7,561.27 ",Cash,,0,REG100293,Cust 3528, $13.84 ,04/07/2023,07/07/2023,Ryan,Jul," $7,547.43 ", $397.96 
08/03/2025,Central,Monitor,9, $8.81 ,Store D,Retail,0.15,Alice, $67.40 ,Online,SAVE10,0,REG100294,Cust 3907, $42.70 ,08/03/2025,18/03/2025,Cameron,Mar, $24.70 , $11.89 
10/02/2025,South,Chair,6, $521.10 ,Store A,Wholesale,0.15,Frank," $2,657.61 ",Cash,,0,REG100295,Cust 9005, $31.14 ,10/02/2025,12/02/2025,Sophie,Feb," $2,626.47 ", $468.99 
17/03/2025,West,Monitor,10, $289.91 ,Store C,Retail,0.1,Diana," $2,609.19 ",Cash,SAVE10,0,REG100296,Cust 3635, $32.96 ,17/03/2025,21/03/2025,Wendy,Mar," $2,576.23 ", $289.91 
09/11/2023,East,Printer,3, $142.27 ,Store D,Retail,0.05,Bob, $405.47 ,Online,SAVE10,0,REG100297,Cust 2122, $32.80 ,09/11/2023,15/11/2023,Eric,Nov, $372.67 , $21.34 
30/11/2023,Central,Printer,15, $354.09 ,Store B,Retail,0.05,Carlos," $5,045.78 ",Online,,1,REG100298,Cust 4467, $25.30 ,30/11/2023,08/12/2023,Cameron,Nov," $5,020.48 ", $265.57 
15/08/2024,South,Tablet,20, $358.57 ,Store B,Wholesale,0,Alice," $7,171.40 ",Debit Card,FREESHIP,1,REG100299,Cust 6146, $21.11 ,15/08/2024,20/08/2024,Sophie,Aug," $7,150.29 ", $-   
21/03/2023,West,Tablet,16, $33.18 ,Store C,Retail,0.05,Eva, $504.34 ,Online,SAVE10,0,REG100300,Cust 4001, $22.94 ,21/03/2023,26/03/2023,Wendy,Mar, $481.40 , $26.54 
26/10/2023,West,Monitor,2, $124.40 ,Store B,Retail,0,Eva, $248.80 ,Online,,0,REG100301,Cust 3365, $37.05 ,26/10/2023,31/10/2023,Wendy,Oct, $211.75 , $-   
03/11/2023,West,Phone,12, $17.76 ,Store D,Retail,0.1,Carlos, $191.81 ,Online,FREESHIP,0,REG100302,Cust 2194, $12.18 ,03/11/2023,11/11/2023,Wendy,Nov, $179.63 , $21.31 
30/01/2025,North,Chair,16, $345.53 ,Store C,Retail,0.15,Frank," $4,699.21 ",Gift Card,SAVE10,0,REG100303,Cust 7942, $13.43 ,30/01/2025,05/02/2025,Ryan,Jan," $4,685.78 ", $829.27 
25/01/2024,West,Laptop,13, $453.48 ,Store A,Wholesale,0.05,Alice," $5,600.48 ",Gift Card,SAVE10,0,REG100304,Cust 8451, $46.28 ,25/01/2024,03/02/2024,Wendy,Jan," $5,554.20 ", $294.76 
29/03/2025,South,Laptop,10, $277.74 ,Store B,Retail,0.15,Carlos," $2,360.79 ",Gift Card,SAVE10,1,REG100305,Cust 4238, $35.02 ,29/03/2025,02/04/2025,Sophie,Mar," $2,325.77 ", $416.61 
02/11/2024,Central,Chair,16, $89.76 ,Store A,Wholesale,0,Alice," $1,436.16 ",Debit Card,WINTER15,1,REG100306,Cust 2529, $44.69 ,02/11/2024,09/11/2024,Cameron,Nov," $1,391.47 ", $-   
30/06/2024,Central,Chair,11, $535.37 ,Store D,Wholesale,0,Frank," $5,889.07 ",Cash,,0,REG100307,Cust 7057, $35.96 ,30/06/2024,09/07/2024,Cameron,Jun," $5,853.11 ", $-   
11/01/2023,South,Tablet,9, $15.58 ,Store D,Retail,0.1,Frank, $126.20 ,Gift Card,FREESHIP,1,REG100308,Cust 9069, $27.81 ,11/01/2023,19/01/2023,Sophie,Jan, $98.39 , $14.02 
05/06/2025,North,Desk,13, $466.54 ,Store C,Wholesale,0,Eva," $6,065.02 ",Cash,FREESHIP,0,REG100309,Cust 5858, $18.63 ,05/06/2025,14/06/2025,Ryan,Jun," $6,046.39 ", $-   
21/03/2024,North,Monitor,16, $593.00 ,Store D,Retail,0.1,Eva," $8,539.20 ",Gift Card,SAVE10,0,REG100310,Cust 2712, $18.77 ,21/03/2024,24/03/2024,Ryan,Mar," $8,520.43 ", $948.80 
31/08/2023,South,Desk,6, $567.36 ,Store C,Wholesale,0.05,Alice," $3,233.95 ",Gift Card,WINTER15,0,REG100311,Cust 7052, $45.98 ,31/08/2023,08/09/2023,Sophie,Aug," $3,187.97 ", $170.21 
07/10/2024,South,Phone,17, $523.04 ,Store A,Retail,0.05,Eva," $8,447.10 ",Debit Card,FREESHIP,0,REG100312,Cust 9397, $37.38 ,07/10/2024,17/10/2024,Sophie,Oct," $8,409.72 ", $444.58 
12/04/2023,North,Laptop,17, $376.40 ,Store C,Wholesale,0,Alice," $6,398.80 ",Debit Card,FREESHIP,0,REG100313,Cust 4614, $33.38 ,12/04/2023,15/04/2023,Ryan,Apr," $6,365.42 ", $-   
06/11/2023,South,Printer,5, $95.19 ,Store A,Retail,0.15,Frank, $404.56 ,Credit Card,WINTER15,0,REG100314,Cust 1573, $48.55 ,06/11/2023,16/11/2023,Sophie,Nov, $356.01 , $71.39 
28/04/2023,West,Desk,2, $210.71 ,Store D,Wholesale,0.15,Diana, $358.21 ,Credit Card,SAVE10,0,REG100315,Cust 5660, $7.78 ,28/04/2023,08/05/2023,Wendy,Apr, $350.43 , $63.21 
18/12/2023,West,Printer,7, $393.39 ,Store B,Retail,0.1,Alice," $2,478.36 ",Cash,SAVE10,0,REG100316,Cust 3952, $34.35 ,18/12/2023,21/12/2023,Wendy,Dec," $2,444.01 ", $275.37 
10/10/2024,South,Phone,13, $114.03 ,Store A,Retail,0,Bob," $1,482.39 ",Cash,,0,REG100317,Cust 5407, $43.81 ,10/10/2024,16/10/2024,Sophie,Oct," $1,438.58 ", $-   
05/02/2023,North,Tablet,18, $336.48 ,Store B,Retail,0,Frank," $6,056.64 ",Online,WINTER15,0,REG100318,Cust 9595, $18.59 ,05/02/2023,07/02/2023,Ryan,Feb," $6,038.05 ", $-   
04/08/2024,Central,Monitor,9, $24.44 ,Store C,Wholesale,0.15,Eva, $186.97 ,Gift Card,SAVE10,1,REG100319,Cust 3245, $22.06 ,04/08/2024,14/08/2024,Cameron,Aug, $164.91 , $32.99 
23/10/2024,Central,Tablet,12, $352.20 ,Store A,Retail,0.05,Eva," $4,015.08 ",Credit Card,WINTER15,0,REG100320,Cust 7180, $18.39 ,23/10/2024,01/11/2024,Cameron,Oct," $3,996.69 ", $211.32 
13/02/2024,West,Monitor,7, $353.99 ,Store C,Wholesale,0.05,Carlos," $2,354.03 ",Gift Card,FREESHIP,0,REG100321,Cust 5973, $5.93 ,13/02/2024,20/02/2024,Wendy,Feb," $2,348.10 ", $123.90 
03/06/2024,South,Tablet,15, $10.22 ,Store C,Retail,0,Alice, $153.30 ,Gift Card,FREESHIP,0,REG100322,Cust 4310, $36.27 ,03/06/2024,07/06/2024,Sophie,Jun, $117.03 , $-   
14/04/2023,South,Printer,17, $464.16 ,Store A,Retail,0.15,Carlos," $6,707.11 ",Debit Card,FREESHIP,1,REG100323,Cust 6243, $46.83 ,14/04/2023,18/04/2023,Sophie,Apr," $6,660.28 "," $1,183.61 "
19/10/2024,Central,Laptop,16, $436.31 ,Store C,Retail,0.05,Diana," $6,631.91 ",Online,,0,REG100324,Cust 2448, $47.61 ,19/10/2024,23/10/2024,Cameron,Oct," $6,584.30 ", $349.05 
18/12/2023,South,Laptop,9, $219.93 ,Store B,Wholesale,0.05,Bob," $1,880.40 ",Gift Card,FREESHIP,0,REG100325,Cust 9386, $44.78 ,18/12/2023,22/12/2023,Sophie,Dec," $1,835.62 ", $98.97 
31/08/2023,North,Laptop,5, $311.22 ,Store A,Wholesale,0.15,Diana," $1,322.69 ",Cash,FREESHIP,0,REG100326,Cust 2227, $36.98 ,31/08/2023,06/09/2023,Ryan,Aug," $1,285.71 ", $233.42 
19/09/2023,South,Laptop,4, $547.56 ,Store D,Retail,0.15,Frank," $1,861.70 ",Gift Card,,0,REG100327,Cust 3803, $25.88 ,19/09/2023,26/09/2023,Sophie,Sep," $1,835.82 ", $328.54 
27/02/2023,Central,Laptop,9, $52.69 ,Store D,Retail,0.15,Diana, $403.08 ,Online,SAVE10,0,REG100328,Cust 1236, $14.59 ,27/02/2023,04/03/2023,Cameron,Feb, $388.49 , $71.13 
28/01/2024,South,Tablet,9, $434.74 ,Store D,Wholesale,0.1,Bob," $3,521.39 ",Online,SAVE10,0,REG100329,Cust 2669, $20.11 ,28/01/2024,31/01/2024,Sophie,Jan," $3,501.28 ", $391.27 
06/05/2025,South,Monitor,9, $124.17 ,Store C,Wholesale,0,Eva," $1,117.53 ",Debit Card,WINTER15,0,REG100330,Cust 3746, $13.31 ,06/05/2025,10/05/2025,Sophie,May," $1,104.22 ", $-   
13/09/2024,East,Monitor,2, $375.48 ,Store D,Retail,0.05,Diana, $713.41 ,Credit Card,FREESHIP,0,REG100331,Cust 9694, $26.39 ,13/09/2024,15/09/2024,Eric,Sep, $687.02 , $37.55 
25/05/2023,East,Printer,13, $211.06 ,Store B,Retail,0.1,Bob," $2,469.40 ",Gift Card,,1,REG100332,Cust 4993, $19.58 ,25/05/2023,29/05/2023,Eric,May," $2,449.82 ", $274.38 
26/09/2024,South,Tablet,7, $88.87 ,Store C,Retail,0,Alice, $622.09 ,Online,SAVE10,0,REG100333,Cust 1271, $8.36 ,26/09/2024,01/10/2024,Sophie,Sep, $613.73 , $-   
13/02/2023,South,Phone,5, $254.24 ,Store B,Wholesale,0.05,Bob," $1,207.64 ",Online,,0,REG100334,Cust 3042, $9.97 ,13/02/2023,18/02/2023,Sophie,Feb," $1,197.67 ", $63.56 
20/06/2024,Central,Chair,5, $432.35 ,Store C,Wholesale,0.1,Bob," $1,945.58 ",Gift Card,,1,REG100335,Cust 6424, $41.48 ,20/06/2024,27/06/2024,Cameron,Jun," $1,904.10 ", $216.18 
22/03/2024,West,Laptop,19, $590.00 ,Store D,Retail,0.05,Alice," $10,649.50 ",Online,FREESHIP,0,REG100336,Cust 1422, $5.91 ,22/03/2024,25/03/2024,Wendy,Mar," $10,643.59 ", $560.50 
08/02/2024,West,Monitor,11, $151.25 ,Store B,Wholesale,0.1,Frank," $1,497.38 ",Credit Card,,1,REG100337,Cust 5857, $22.65 ,08/02/2024,11/02/2024,Wendy,Feb," $1,474.73 ", $166.38 
01/06/2024,East,Desk,3, $204.79 ,Store B,Retail,0.1,Frank, $552.93 ,Online,FREESHIP,1,REG100338,Cust 6953, $7.72 ,01/06/2024,04/06/2024,Eric,Jun, $545.21 , $61.44 
26/05/2024,North,Laptop,16, $586.52 ,Store C,Wholesale,0,Diana," $9,384.32 ",Credit Card,WINTER15,1,REG100339,Cust 2916, $17.06 ,26/05/2024,01/06/2024,Ryan,May," $9,367.26 ", $-   
25/06/2024,East,Printer,16, $104.83 ,Store A,Wholesale,0,Carlos," $1,677.28 ",Gift Card,FREESHIP,0,REG100340,Cust 6855, $33.99 ,25/06/2024,30/06/2024,Eric,Jun," $1,643.29 ", $-   
29/01/2024,Central,Printer,16, $598.48 ,Store A,Retail,0.1,Frank," $8,618.11 ",Cash,,0,REG100341,Cust 8464, $47.86 ,29/01/2024,07/02/2024,Cameron,Jan," $8,570.25 ", $957.57 
07/12/2024,South,Chair,8, $367.89 ,Store B,Retail,0.05,Alice," $2,795.96 ",Cash,FREESHIP,0,REG100342,Cust 9700, $18.10 ,07/12/2024,09/12/2024,Sophie,Dec," $2,777.86 ", $147.16 
21/11/2023,West,Chair,10, $333.35 ,Store A,Retail,0.15,Alice," $2,833.48 ",Debit Card,FREESHIP,0,REG100343,Cust 7765, $39.35 ,21/11/2023,26/11/2023,Wendy,Nov," $2,794.13 ", $500.03 
16/12/2024,North,Chair,8, $378.88 ,Store A,Wholesale,0.1,Frank," $2,727.94 ",Debit Card,WINTER15,1,REG100344,Cust 8246, $5.22 ,16/12/2024,24/12/2024,Ryan,Dec," $2,722.72 ", $303.10 
05/08/2023,Central,Monitor,12, $169.20 ,Store C,Retail,0.05,Diana," $1,928.88 ",Gift Card,SAVE10,0,REG100345,Cust 6500, $28.65 ,05/08/2023,15/08/2023,Cameron,Aug," $1,900.23 ", $101.52 
30/08/2023,Central,Chair,7, $103.03 ,Store D,Retail,0.1,Bob, $649.09 ,Online,FREESHIP,1,REG100346,Cust 1150, $5.29 ,30/08/2023,06/09/2023,Cameron,Aug, $643.80 , $72.12 
25/03/2025,East,Printer,3, $378.74 ,Store D,Wholesale,0.15,Frank, $965.79 ,Online,SAVE10,0,REG100347,Cust 7449, $8.22 ,25/03/2025,27/03/2025,Eric,Mar, $957.57 , $170.43 
13/12/2024,North,Phone,15, $27.21 ,Store C,Wholesale,0,Alice, $408.15 ,Online,WINTER15,0,REG100348,Cust 1957, $43.69 ,13/12/2024,22/12/2024,Ryan,Dec, $364.46 , $-   
07/09/2023,Central,Phone,14, $52.09 ,Store A,Retail,0,Bob, $729.26 ,Gift Card,,1,REG100349,Cust 3467, $48.02 ,07/09/2023,14/09/2023,Cameron,Sep, $681.24 , $-   
12/12/2023,North,Monitor,7, $570.01 ,Store C,Wholesale,0,Carlos," $3,990.07 ",Credit Card,WINTER15,0,REG100350,Cust 5212, $42.33 ,12/12/2023,21/12/2023,Ryan,Dec," $3,947.74 ", $-   
25/04/2024,East,Monitor,19, $526.23 ,Store B,Retail,0,Bob," $9,998.37 ",Credit Card,WINTER15,0,REG100351,Cust 3509, $32.77 ,25/04/2024,05/05/2024,Eric,Apr," $9,965.60 ", $-   
04/05/2025,North,Laptop,8, $294.51 ,Store A,Wholesale,0.15,Diana," $2,002.67 ",Gift Card,,0,REG100352,Cust 5316, $10.46 ,04/05/2025,07/05/2025,Ryan,May," $1,992.21 ", $353.41 
16/09/2023,South,Monitor,18, $448.27 ,Store C,Wholesale,0.05,Diana," $7,665.42 ",Credit Card,SAVE10,0,REG100353,Cust 9919, $47.56 ,16/09/2023,20/09/2023,Sophie,Sep," $7,617.86 ", $403.44 
23/10/2024,West,Desk,17, $583.88 ,Store D,Retail,0.1,Alice," $8,933.36 ",Credit Card,WINTER15,0,REG100354,Cust 7129, $37.53 ,23/10/2024,26/10/2024,Wendy,Oct," $8,895.83 ", $992.60 
03/05/2023,North,Desk,2, $97.50 ,Store D,Retail,0.1,Alice, $175.50 ,Cash,,1,REG100355,Cust 9841, $46.37 ,03/05/2023,06/05/2023,Ryan,May, $129.13 , $19.50 
18/03/2025,North,Printer,16, $420.79 ,Store B,Wholesale,0.15,Carlos," $5,722.74 ",Cash,FREESHIP,1,REG100356,Cust 6362, $22.13 ,18/03/2025,25/03/2025,Ryan,Mar," $5,700.61 "," $1,009.90 "
25/08/2023,West,Chair,13, $513.18 ,Store B,Retail,0,Eva," $6,671.34 ",Credit Card,FREESHIP,0,REG100357,Cust 4142, $10.57 ,25/08/2023,27/08/2023,Wendy,Aug," $6,660.77 ", $-   
13/07/2023,North,Monitor,19, $475.64 ,Store C,Retail,0.1,Frank," $8,133.44 ",Cash,WINTER15,1,REG100358,Cust 9584, $11.17 ,13/07/2023,17/07/2023,Ryan,Jul," $8,122.27 ", $903.72 
25/02/2025,North,Tablet,13, $238.34 ,Store C,Retail,0.1,Carlos," $2,788.58 ",Credit Card,SAVE10,1,REG100359,Cust 2553, $7.90 ,25/02/2025,06/03/2025,Ryan,Feb," $2,780.68 ", $309.84 
14/04/2025,Central,Laptop,14, $285.03 ,Store B,Wholesale,0.1,Eva," $3,591.38 ",Credit Card,SAVE10,0,REG100360,Cust 1347, $41.50 ,14/04/2025,17/04/2025,Cameron,Apr," $3,549.88 ", $399.04 
15/06/2025,Central,Desk,5, $5.52 ,Store C,Retail,0.05,Alice, $26.22 ,Credit Card,FREESHIP,0,REG100361,Cust 8305, $10.58 ,15/06/2025,18/06/2025,Cameron,Jun, $15.64 , $1.38 
22/10/2024,North,Monitor,18, $396.25 ,Store D,Retail,0.1,Frank," $6,419.25 ",Credit Card,FREESHIP,0,REG100362,Cust 7015, $20.39 ,22/10/2024,27/10/2024,Ryan,Oct," $6,398.86 ", $713.25 
20/06/2023,South,Laptop,9, $282.80 ,Store D,Wholesale,0.05,Eva," $2,417.94 ",Online,,0,REG100363,Cust 4394, $49.79 ,20/06/2023,25/06/2023,Sophie,Jun," $2,368.15 ", $127.26 
05/03/2025,South,Phone,6, $525.43 ,Store C,Wholesale,0.05,Alice," $2,994.95 ",Credit Card,,0,REG100364,Cust 3323, $39.28 ,05/03/2025,11/03/2025,Sophie,Mar," $2,955.67 ", $157.63 
28/10/2023,West,Tablet,15, $127.67 ,Store D,Retail,0.1,Alice," $1,723.55 ",Debit Card,,0,REG100365,Cust 4029, $48.77 ,28/10/2023,30/10/2023,Wendy,Oct," $1,674.78 ", $191.51 
19/03/2025,Central,Laptop,17, $511.80 ,Store B,Retail,0.05,Carlos," $8,265.57 ",Credit Card,WINTER15,1,REG100366,Cust 1400, $13.33 ,19/03/2025,26/03/2025,Cameron,Mar," $8,252.24 ", $435.03 
06/08/2023,West,Tablet,4, $555.86 ,Store C,Retail,0.05,Bob," $2,112.27 ",Cash,FREESHIP,0,REG100367,Cust 6361, $28.92 ,06/08/2023,08/08/2023,Wendy,Aug," $2,083.35 ", $111.17 
11/09/2024,Central,Monitor,15, $202.72 ,Store D,Retail,0.05,Eva," $2,888.76 ",Debit Card,WINTER15,1,REG100368,Cust 5267, $41.61 ,11/09/2024,19/09/2024,Cameron,Sep," $2,847.15 ", $152.04 
08/01/2025,Central,Chair,4, $353.70 ,Store A,Wholesale,0,Frank," $1,414.80 ",Credit Card,FREESHIP,0,REG100369,Cust 9354, $41.98 ,08/01/2025,12/01/2025,Cameron,Jan," $1,372.82 ", $-   
12/08/2024,Central,Chair,3, $149.25 ,Store D,Wholesale,0,Carlos, $447.75 ,Debit Card,,1,REG100370,Cust 9443, $13.17 ,12/08/2024,14/08/2024,Cameron,Aug, $434.58 , $-   
30/03/2023,North,Monitor,19, $156.44 ,Store C,Wholesale,0.1,Alice," $2,675.12 ",Online,WINTER15,0,REG100371,Cust 2252, $19.44 ,30/03/2023,04/04/2023,Ryan,Mar," $2,655.68 ", $297.24 
01/02/2023,Central,Phone,7, $241.76 ,Store D,Wholesale,0,Carlos," $1,692.32 ",Online,SAVE10,0,REG100372,Cust 1031, $48.13 ,01/02/2023,09/02/2023,Cameron,Feb," $1,644.19 ", $-   
18/04/2025,North,Laptop,20, $170.49 ,Store A,Wholesale,0,Diana," $3,409.80 ",Online,FREESHIP,0,REG100373,Cust 6086, $19.74 ,18/04/2025,27/04/2025,Ryan,Apr," $3,390.06 ", $-   
29/03/2025,Central,Monitor,11, $149.67 ,Store C,Retail,0.1,Eva," $1,481.73 ",Credit Card,,0,REG100374,Cust 1672, $34.13 ,29/03/2025,02/04/2025,Cameron,Mar," $1,447.60 ", $164.64 
25/04/2024,East,Tablet,1, $173.56 ,Store D,Retail,0.1,Eva, $156.20 ,Debit Card,FREESHIP,0,REG100375,Cust 9313, $39.10 ,25/04/2024,28/04/2024,Eric,Apr, $117.10 , $17.36 
22/09/2024,South,Monitor,7, $349.55 ,Store A,Retail,0.05,Carlos," $2,324.51 ",Credit Card,FREESHIP,0,REG100376,Cust 4405, $23.70 ,22/09/2024,27/09/2024,Sophie,Sep," $2,300.81 ", $122.34 
05/08/2023,Central,Tablet,9, $245.14 ,Store B,Wholesale,0,Alice," $2,206.26 ",Online,SAVE10,1,REG100377,Cust 6453, $44.60 ,05/08/2023,14/08/2023,Cameron,Aug," $2,161.66 ", $-   
07/06/2024,South,Desk,1, $423.08 ,Store B,Wholesale,0.05,Bob, $401.93 ,Gift Card,WINTER15,0,REG100378,Cust 4772, $31.75 ,07/06/2024,11/06/2024,Sophie,Jun, $370.18 , $21.15 
24/05/2025,East,Phone,19, $337.82 ,Store B,Wholesale,0.15,Alice," $5,455.79 ",Online,FREESHIP,0,REG100379,Cust 1762, $45.74 ,24/05/2025,30/05/2025,Eric,May," $5,410.05 ", $962.79 
18/07/2024,South,Chair,10, $252.63 ,Store B,Retail,0.15,Eva," $2,147.36 ",Cash,FREESHIP,0,REG100380,Cust 1865, $8.92 ,18/07/2024,25/07/2024,Sophie,Jul," $2,138.44 ", $378.95 
14/07/2024,West,Tablet,3, $87.02 ,Store B,Wholesale,0.1,Frank, $234.95 ,Cash,WINTER15,0,REG100381,Cust 9552, $11.13 ,14/07/2024,16/07/2024,Wendy,Jul, $223.82 , $26.11 
14/04/2023,Central,Tablet,11, $6.72 ,Store D,Wholesale,0.05,Bob, $70.22 ,Cash,SAVE10,0,REG100382,Cust 4273, $34.27 ,14/04/2023,19/04/2023,Cameron,Apr, $35.95 , $3.70 
01/06/2023,South,Printer,2, $279.38 ,Store D,Retail,0.1,Carlos, $502.88 ,Online,FREESHIP,0,REG100383,Cust 8712, $22.95 ,01/06/2023,06/06/2023,Sophie,Jun, $479.93 , $55.88 
17/04/2025,Central,Phone,9, $207.80 ,Store D,Retail,0.1,Alice," $1,683.18 ",Online,WINTER15,0,REG100384,Cust 9048, $16.99 ,17/04/2025,20/04/2025,Cameron,Apr," $1,666.19 ", $187.02 
31/03/2025,East,Printer,15, $511.88 ,Store C,Wholesale,0.05,Bob," $7,294.29 ",Cash,SAVE10,0,REG100385,Cust 7714, $10.22 ,31/03/2025,09/04/2025,Eric,Mar," $7,284.07 ", $383.91 
15/07/2024,East,Printer,10, $325.97 ,Store D,Retail,0,Bob," $3,259.70 ",Cash,FREESHIP,1,REG100386,Cust 4770, $49.95 ,15/07/2024,22/07/2024,Eric,Jul," $3,209.75 ", $-   
30/08/2024,South,Laptop,17, $469.32 ,Store B,Retail,0,Carlos," $7,978.44 ",Gift Card,WINTER15,1,REG100387,Cust 2007, $5.86 ,30/08/2024,01/09/2024,Sophie,Aug," $7,972.58 ", $-   
07/01/2025,Central,Phone,13, $186.69 ,Store D,Wholesale,0,Bob," $2,426.97 ",Cash,FREESHIP,0,REG100388,Cust 8909, $19.92 ,07/01/2025,10/01/2025,Cameron,Jan," $2,407.05 ", $-   
05/02/2025,South,Phone,16, $34.66 ,Store C,Retail,0.05,Alice, $526.83 ,Debit Card,,0,REG100389,Cust 4196, $49.90 ,05/02/2025,11/02/2025,Sophie,Feb, $476.93 , $27.73 
01/04/2024,North,Printer,18, $155.04 ,Store B,Wholesale,0.15,Frank," $2,372.11 ",Cash,WINTER15,0,REG100390,Cust 4189, $39.99 ,01/04/2024,04/04/2024,Ryan,Apr," $2,332.12 ", $418.61 
01/03/2025,West,Monitor,4, $69.60 ,Store D,Wholesale,0.05,Eva, $264.48 ,Gift Card,SAVE10,0,REG100391,Cust 7226, $17.68 ,01/03/2025,09/03/2025,Wendy,Mar, $246.80 , $13.92 
03/07/2023,Central,Monitor,13, $55.09 ,Store A,Wholesale,0.15,Diana, $608.74 ,Cash,FREESHIP,1,REG100392,Cust 5015, $47.78 ,03/07/2023,06/07/2023,Cameron,Jul, $560.96 , $107.43 
25/04/2023,Central,Laptop,13, $206.11 ,Store B,Retail,0.15,Bob," $2,277.52 ",Gift Card,SAVE10,1,REG100393,Cust 9904, $22.59 ,25/04/2023,01/05/2023,Cameron,Apr," $2,254.93 ", $401.91 
09/04/2025,West,Tablet,14, $484.38 ,Store D,Retail,0.05,Frank," $6,442.25 ",Debit Card,SAVE10,0,REG100394,Cust 7687, $29.24 ,09/04/2025,19/04/2025,Wendy,Apr," $6,413.01 ", $339.07 
05/11/2023,North,Monitor,6, $449.57 ,Store D,Wholesale,0,Frank," $2,697.42 ",Gift Card,WINTER15,0,REG100395,Cust 6511, $23.09 ,05/11/2023,12/11/2023,Ryan,Nov," $2,674.33 ", $-   
13/01/2023,East,Laptop,9, $223.01 ,Store C,Retail,0,Diana," $2,007.09 ",Cash,,1,REG100396,Cust 2412, $11.90 ,13/01/2023,19/01/2023,Eric,Jan," $1,995.19 ", $-   
06/02/2025,West,Chair,14, $291.91 ,Store A,Retail,0.15,Frank," $3,473.73 ",Credit Card,,0,REG100397,Cust 1664, $27.51 ,06/02/2025,10/02/2025,Wendy,Feb," $3,446.22 ", $613.01 
20/05/2023,South,Monitor,13, $90.86 ,Store A,Wholesale,0,Carlos," $1,181.18 ",Gift Card,SAVE10,0,REG100398,Cust 6033, $16.74 ,20/05/2023,25/05/2023,Sophie,May," $1,164.44 ", $-   
18/06/2025,East,Desk,4, $109.05 ,Store D,Wholesale,0,Diana, $436.20 ,Gift Card,WINTER15,0,REG100399,Cust 4019, $21.02 ,18/06/2025,24/06/2025,Eric,Jun, $415.18 , $-   
23/02/2023,West,Tablet,12, $245.60 ,Store D,Retail,0,Bob," $2,947.20 ",Cash,FREESHIP,1,REG100400,Cust 4515, $43.92 ,23/02/2023,27/02/2023,Wendy,Feb," $2,903.28 ", $-   
09/11/2024,East,Printer,15, $380.03 ,Store A,Retail,0,Bob," $5,700.45 ",Online,,0,REG100401,Cust 7532, $25.72 ,09/11/2024,12/11/2024,Eric,Nov," $5,674.73 ", $-   
25/07/2024,South,Tablet,3, $417.58 ,Store D,Retail,0.05,Frank," $1,190.10 ",Gift Card,SAVE10,0,REG100402,Cust 8756, $43.42 ,25/07/2024,31/07/2024,Sophie,Jul," $1,146.68 ", $62.64 
19/08/2023,West,Laptop,15, $432.17 ,Store D,Wholesale,0.15,Frank," $5,510.17 ",Debit Card,WINTER15,0,REG100403,Cust 7620, $44.88 ,19/08/2023,23/08/2023,Wendy,Aug," $5,465.29 ", $972.38 
13/11/2023,South,Monitor,13, $531.77 ,Store C,Retail,0.1,Bob," $6,221.71 ",Online,SAVE10,0,REG100404,Cust 7368, $37.91 ,13/11/2023,15/11/2023,Sophie,Nov," $6,183.80 ", $691.30 
10/09/2024,West,Tablet,13, $442.99 ,Store A,Wholesale,0.05,Alice," $5,470.93 ",Gift Card,SAVE10,0,REG100405,Cust 1319, $37.12 ,10/09/2024,18/09/2024,Wendy,Sep," $5,433.81 ", $287.94 
30/08/2024,Central,Chair,13, $567.50 ,Store A,Retail,0,Eva," $7,377.50 ",Credit Card,,0,REG100406,Cust 9597, $28.41 ,30/08/2024,02/09/2024,Cameron,Aug," $7,349.09 ", $-   
10/11/2024,East,Tablet,15, $469.52 ,Store C,Wholesale,0,Alice," $7,042.80 ",Credit Card,FREESHIP,0,REG100407,Cust 7369, $35.60 ,10/11/2024,17/11/2024,Eric,Nov," $7,007.20 ", $-   
13/04/2023,East,Printer,1, $396.09 ,Store D,Wholesale,0.15,Frank, $336.68 ,Credit Card,WINTER15,0,REG100408,Cust 8592, $39.38 ,13/04/2023,19/04/2023,Eric,Apr, $297.30 , $59.41 
20/11/2023,East,Laptop,12, $195.73 ,Store C,Wholesale,0.05,Alice," $2,231.32 ",Cash,SAVE10,0,REG100409,Cust 2337, $37.09 ,20/11/2023,27/11/2023,Eric,Nov," $2,194.23 ", $117.44 
14/04/2025,North,Printer,5, $412.24 ,Store B,Wholesale,0.15,Carlos," $1,752.02 ",Cash,FREESHIP,0,REG100410,Cust 9697, $29.31 ,14/04/2025,19/04/2025,Ryan,Apr," $1,722.71 ", $309.18 
04/03/2023,Central,Monitor,11, $558.50 ,Store B,Retail,0.15,Carlos," $5,221.98 ",Cash,WINTER15,0,REG100411,Cust 5895, $48.15 ,04/03/2023,09/03/2023,Cameron,Mar," $5,173.83 ", $921.53 
16/11/2024,North,Laptop,4, $175.34 ,Store C,Retail,0.15,Eva, $596.16 ,Cash,FREESHIP,0,REG100412,Cust 9097, $40.86 ,16/11/2024,19/11/2024,Ryan,Nov, $555.30 , $105.20 
25/05/2024,South,Laptop,19, $478.73 ,Store A,Retail,0,Frank," $9,095.87 ",Debit Card,WINTER15,1,REG100413,Cust 5938, $46.46 ,25/05/2024,02/06/2024,Sophie,May," $9,049.41 ", $-   
12/04/2023,East,Desk,5, $365.38 ,Store D,Wholesale,0.15,Alice," $1,552.87 ",Debit Card,SAVE10,1,REG100414,Cust 6928, $5.66 ,12/04/2023,15/04/2023,Eric,Apr," $1,547.21 ", $274.04 
07/03/2023,South,Desk,10, $397.33 ,Store B,Retail,0.15,Alice," $3,377.31 ",Credit Card,,0,REG100415,Cust 6223, $10.20 ,07/03/2023,13/03/2023,Sophie,Mar," $3,367.11 ", $596.00 
05/01/2024,Central,Chair,17, $241.01 ,Store A,Retail,0.1,Bob," $3,687.45 ",Debit Card,WINTER15,0,REG100416,Cust 7614, $24.69 ,05/01/2024,11/01/2024,Cameron,Jan," $3,662.76 ", $409.72 
31/10/2024,West,Desk,17, $82.20 ,Store C,Wholesale,0,Alice," $1,397.40 ",Cash,WINTER15,0,REG100417,Cust 3231, $32.50 ,31/10/2024,10/11/2024,Wendy,Oct," $1,364.90 ", $-   
08/05/2024,West,Monitor,16, $170.77 ,Store C,Retail,0.1,Frank," $2,459.09 ",Online,SAVE10,1,REG100418,Cust 9123, $45.93 ,08/05/2024,14/05/2024,Wendy,May," $2,413.16 ", $273.23 
05/03/2024,Central,Monitor,1, $8.20 ,Store C,Wholesale,0.15,Frank, $6.97 ,Debit Card,,0,REG100419,Cust 7054, $30.35 ,05/03/2024,15/03/2024,Cameron,Mar, $-23.38 , $1.23 
18/07/2023,North,Laptop,12, $425.78 ,Store A,Retail,0.1,Bob," $4,598.42 ",Online,,1,REG100420,Cust 4240, $25.48 ,18/07/2023,22/07/2023,Ryan,Jul," $4,572.94 ", $510.94 
05/08/2023,South,Printer,20, $121.14 ,Store C,Retail,0.1,Bob," $2,180.52 ",Credit Card,FREESHIP,0,REG100421,Cust 1237, $21.47 ,05/08/2023,14/08/2023,Sophie,Aug," $2,159.05 ", $242.28 
18/09/2023,West,Tablet,19, $448.13 ,Store D,Wholesale,0,Alice," $8,514.47 ",Debit Card,FREESHIP,0,REG100422,Cust 5513, $28.29 ,18/09/2023,20/09/2023,Wendy,Sep," $8,486.18 ", $-   
27/03/2023,South,Laptop,8, $7.81 ,Store D,Wholesale,0.1,Frank, $56.23 ,Online,SAVE10,0,REG100423,Cust 1835, $25.03 ,27/03/2023,29/03/2023,Sophie,Mar, $31.20 , $6.25 
08/03/2023,East,Chair,19, $191.44 ,Store C,Wholesale,0.15,Carlos," $3,091.76 ",Cash,WINTER15,1,REG100424,Cust 8492, $35.54 ,08/03/2023,17/03/2023,Eric,Mar," $3,056.22 ", $545.60 
02/05/2024,West,Desk,5, $245.20 ,Store B,Retail,0.15,Eva," $1,042.10 ",Online,,0,REG100425,Cust 2451, $46.37 ,02/05/2024,06/05/2024,Wendy,May, $995.73 , $183.90 
16/09/2023,North,Desk,17, $163.37 ,Store B,Wholesale,0.15,Eva," $2,360.70 ",Gift Card,SAVE10,0,REG100426,Cust 4509, $5.36 ,16/09/2023,26/09/2023,Ryan,Sep," $2,355.34 ", $416.59 
13/06/2023,South,Tablet,14, $583.96 ,Store C,Retail,0,Diana," $8,175.44 ",Debit Card,WINTER15,0,REG100427,Cust 6643, $23.03 ,13/06/2023,22/06/2023,Sophie,Jun," $8,152.41 ", $-   
05/11/2023,North,Desk,16, $181.08 ,Store C,Retail,0.1,Carlos," $2,607.55 ",Online,WINTER15,0,REG100428,Cust 2559, $39.84 ,05/11/2023,08/11/2023,Ryan,Nov," $2,567.71 ", $289.73 
23/11/2024,South,Tablet,8, $414.94 ,Store A,Wholesale,0,Alice," $3,319.52 ",Debit Card,SAVE10,0,REG100429,Cust 4423, $46.58 ,23/11/2024,26/11/2024,Sophie,Nov," $3,272.94 ", $-   
09/02/2024,Central,Phone,16, $442.22 ,Store B,Retail,0,Alice," $7,075.52 ",Cash,FREESHIP,0,REG100430,Cust 9139, $27.36 ,09/02/2024,18/02/2024,Cameron,Feb," $7,048.16 ", $-   
16/11/2023,Central,Printer,14, $595.39 ,Store A,Wholesale,0.1,Bob," $7,501.91 ",Credit Card,SAVE10,0,REG100431,Cust 6668, $9.51 ,16/11/2023,22/11/2023,Cameron,Nov," $7,492.40 ", $833.55 
24/01/2025,Central,Monitor,6, $175.30 ,Store A,Wholesale,0.15,Alice, $894.03 ,Cash,SAVE10,1,REG100432,Cust 4315, $17.92 ,24/01/2025,29/01/2025,Cameron,Jan, $876.11 , $157.77 
06/05/2025,Central,Tablet,7, $319.59 ,Store C,Wholesale,0.15,Carlos," $1,901.56 ",Gift Card,WINTER15,1,REG100433,Cust 8000, $8.47 ,06/05/2025,09/05/2025,Cameron,May," $1,893.09 ", $335.57 
17/05/2025,East,Printer,15, $506.81 ,Store A,Retail,0.15,Bob," $6,461.83 ",Cash,FREESHIP,1,REG100434,Cust 7585, $41.03 ,17/05/2025,27/05/2025,Eric,May," $6,420.80 "," $1,140.32 "
29/11/2023,Central,Laptop,17, $538.08 ,Store A,Retail,0.05,Eva," $8,689.99 ",Debit Card,FREESHIP,0,REG100435,Cust 3127, $19.61 ,29/11/2023,01/12/2023,Cameron,Nov," $8,670.38 ", $457.37 
24/02/2023,South,Chair,16, $187.84 ,Store A,Retail,0,Alice," $3,005.44 ",Credit Card,SAVE10,0,REG100436,Cust 4130, $18.65 ,24/02/2023,26/02/2023,Sophie,Feb," $2,986.79 ", $-   
04/11/2023,South,Laptop,18, $426.30 ,Store A,Wholesale,0.15,Carlos," $6,522.39 ",Credit Card,,1,REG100437,Cust 6956, $29.81 ,04/11/2023,10/11/2023,Sophie,Nov," $6,492.58 "," $1,151.01 "
15/06/2024,East,Desk,1, $498.35 ,Store B,Retail,0.1,Alice, $448.52 ,Online,FREESHIP,0,REG100438,Cust 8155, $34.70 ,15/06/2024,22/06/2024,Eric,Jun, $413.82 , $49.84 
02/10/2024,North,Tablet,19, $385.72 ,Store A,Retail,0.05,Carlos," $6,962.25 ",Cash,SAVE10,1,REG100439,Cust 8852, $12.46 ,02/10/2024,06/10/2024,Ryan,Oct," $6,949.79 ", $366.43 
03/06/2023,West,Tablet,3, $54.37 ,Store B,Wholesale,0.1,Frank, $146.80 ,Credit Card,WINTER15,0,REG100440,Cust 2850, $48.71 ,03/06/2023,13/06/2023,Wendy,Jun, $98.09 , $16.31 
10/09/2023,East,Phone,6, $471.74 ,Store C,Retail,0.15,Carlos," $2,405.87 ",Online,,0,REG100441,Cust 9572, $36.79 ,10/09/2023,18/09/2023,Eric,Sep," $2,369.08 ", $424.57 
20/05/2025,Central,Printer,19, $322.31 ,Store B,Retail,0.15,Bob," $5,205.31 ",Cash,FREESHIP,0,REG100442,Cust 6253, $33.95 ,20/05/2025,22/05/2025,Cameron,May," $5,171.36 ", $918.58 
24/09/2023,North,Tablet,13, $115.86 ,Store A,Wholesale,0.1,Diana," $1,355.56 ",Cash,,1,REG100443,Cust 4154, $28.52 ,24/09/2023,03/10/2023,Ryan,Sep," $1,327.04 ", $150.62 
29/03/2025,East,Tablet,18, $398.26 ,Store B,Retail,0.1,Bob," $6,451.81 ",Debit Card,,0,REG100444,Cust 2137, $16.80 ,29/03/2025,04/04/2025,Eric,Mar," $6,435.01 ", $716.87 
17/06/2023,East,Chair,4, $584.80 ,Store B,Retail,0.1,Eva," $2,105.28 ",Online,FREESHIP,0,REG100445,Cust 8157, $16.44 ,17/06/2023,25/06/2023,Eric,Jun," $2,088.84 ", $233.92 
28/01/2024,West,Printer,20, $424.70 ,Store B,Wholesale,0.15,Bob," $7,219.90 ",Online,FREESHIP,0,REG100446,Cust 4861, $42.03 ,28/01/2024,05/02/2024,Wendy,Jan," $7,177.87 "," $1,274.10 "
14/03/2023,Central,Chair,16, $179.22 ,Store D,Retail,0.1,Alice," $2,580.77 ",Online,WINTER15,0,REG100447,Cust 7493, $45.99 ,14/03/2023,17/03/2023,Cameron,Mar," $2,534.78 ", $286.75 
09/01/2025,East,Laptop,12, $148.66 ,Store A,Wholesale,0,Diana," $1,783.92 ",Online,,1,REG100448,Cust 7073, $27.16 ,09/01/2025,17/01/2025,Eric,Jan," $1,756.76 ", $-   
30/03/2025,Central,Phone,16, $460.43 ,Store B,Wholesale,0.15,Bob," $6,261.85 ",Online,WINTER15,0,REG100449,Cust 9085, $20.38 ,30/03/2025,06/04/2025,Cameron,Mar," $6,241.47 "," $1,105.03 "
23/10/2023,East,Tablet,5, $334.37 ,Store B,Retail,0.05,Carlos," $1,588.26 ",Credit Card,,0,REG100450,Cust 3247, $32.13 ,23/10/2023,28/10/2023,Eric,Oct," $1,556.13 ", $83.59 
08/06/2025,West,Monitor,3, $599.72 ,Store D,Retail,0.15,Alice," $1,529.29 ",Online,WINTER15,1,REG100451,Cust 8504, $14.93 ,08/06/2025,14/06/2025,Wendy,Jun," $1,514.36 ", $269.87 
26/02/2024,West,Monitor,11, $389.84 ,Store D,Wholesale,0,Alice," $4,288.24 ",Gift Card,SAVE10,1,REG100452,Cust 4164, $10.24 ,26/02/2024,29/02/2024,Wendy,Feb," $4,278.00 ", $-   
30/10/2024,East,Chair,11, $445.75 ,Store A,Wholesale,0.1,Frank," $4,412.93 ",Online,SAVE10,0,REG100453,Cust 9592, $18.07 ,30/10/2024,07/11/2024,Eric,Oct," $4,394.86 ", $490.33 
19/08/2024,South,Laptop,18, $96.84 ,Store A,Wholesale,0.15,Frank," $1,481.65 ",Cash,SAVE10,1,REG100454,Cust 7450, $8.10 ,19/08/2024,23/08/2024,Sophie,Aug," $1,473.55 ", $261.47 
30/07/2023,Central,Chair,1, $528.31 ,Store C,Wholesale,0.1,Alice, $475.48 ,Online,FREESHIP,0,REG100455,Cust 4186, $24.55 ,30/07/2023,09/08/2023,Cameron,Jul, $450.93 , $52.83 
13/08/2024,North,Monitor,16, $64.03 ,Store A,Wholesale,0,Carlos," $1,024.48 ",Gift Card,WINTER15,1,REG100456,Cust 3305, $16.71 ,13/08/2024,23/08/2024,Ryan,Aug," $1,007.77 ", $-   
04/11/2023,North,Printer,13, $179.37 ,Store A,Retail,0.05,Eva," $2,215.22 ",Online,FREESHIP,0,REG100457,Cust 9768, $35.28 ,04/11/2023,12/11/2023,Ryan,Nov," $2,179.94 ", $116.59 
05/06/2025,East,Printer,19, $491.15 ,Store C,Retail,0,Frank," $9,331.85 ",Online,,0,REG100458,Cust 1179, $48.68 ,05/06/2025,15/06/2025,Eric,Jun," $9,283.17 ", $-   
23/06/2023,North,Printer,5, $360.34 ,Store C,Wholesale,0,Carlos," $1,801.70 ",Gift Card,,0,REG100459,Cust 2546, $33.76 ,23/06/2023,28/06/2023,Ryan,Jun," $1,767.94 ", $-   
21/09/2024,South,Laptop,20, $296.80 ,Store A,Retail,0.1,Frank," $5,342.40 ",Gift Card,,0,REG100460,Cust 2672, $19.57 ,21/09/2024,28/09/2024,Sophie,Sep," $5,322.83 ", $593.60 
01/01/2024,South,Desk,3, $599.42 ,Store A,Wholesale,0.1,Bob," $1,618.43 ",Online,SAVE10,0,REG100461,Cust 3394, $48.02 ,01/01/2024,03/01/2024,Sophie,Jan," $1,570.41 ", $179.83 
02/01/2025,West,Laptop,1, $374.33 ,Store B,Wholesale,0,Carlos, $374.33 ,Credit Card,FREESHIP,0,REG100462,Cust 1649, $33.31 ,02/01/2025,12/01/2025,Wendy,Jan, $341.02 , $-   
14/03/2024,North,Desk,13, $588.80 ,Store D,Wholesale,0.15,Frank," $6,506.24 ",Cash,SAVE10,0,REG100463,Cust 6994, $45.03 ,14/03/2024,21/03/2024,Ryan,Mar," $6,461.21 "," $1,148.16 "
04/05/2024,West,Monitor,13, $198.44 ,Store D,Wholesale,0,Carlos," $2,579.72 ",Cash,SAVE10,1,REG100464,Cust 9879, $31.51 ,04/05/2024,09/05/2024,Wendy,May," $2,548.21 ", $-   
27/02/2025,South,Printer,12, $384.20 ,Store A,Retail,0,Eva," $4,610.40 ",Cash,FREESHIP,0,REG100465,Cust 9069, $38.99 ,27/02/2025,02/03/2025,Sophie,Feb," $4,571.41 ", $-   
13/11/2024,Central,Phone,4, $475.49 ,Store B,Wholesale,0.15,Frank," $1,616.67 ",Cash,WINTER15,0,REG100466,Cust 3712, $11.60 ,13/11/2024,17/11/2024,Cameron,Nov," $1,605.07 ", $285.29 
31/10/2023,West,Printer,6, $202.97 ,Store C,Retail,0.1,Eva," $1,096.04 ",Gift Card,WINTER15,0,REG100467,Cust 3829, $43.55 ,31/10/2023,10/11/2023,Wendy,Oct," $1,052.49 ", $121.78 
19/12/2023,Central,Tablet,18, $135.23 ,Store C,Wholesale,0,Diana," $2,434.14 ",Online,WINTER15,1,REG100468,Cust 1623, $46.10 ,19/12/2023,24/12/2023,Cameron,Dec," $2,388.04 ", $-   
27/11/2023,South,Tablet,20, $356.40 ,Store C,Wholesale,0.05,Diana," $6,771.60 ",Cash,FREESHIP,1,REG100469,Cust 3532, $26.70 ,27/11/2023,03/12/2023,Sophie,Nov," $6,744.90 ", $356.40 
15/08/2023,East,Laptop,3, $294.72 ,Store C,Wholesale,0.05,Alice, $839.95 ,Cash,SAVE10,0,REG100470,Cust 4712, $45.33 ,15/08/2023,18/08/2023,Eric,Aug, $794.62 , $44.21 
16/01/2023,West,Phone,20, $553.85 ,Store A,Retail,0,Frank," $11,077.00 ",Cash,WINTER15,0,REG100471,Cust 6211, $33.21 ,16/01/2023,24/01/2023,Wendy,Jan," $11,043.79 ", $-   
28/02/2025,Central,Tablet,13, $81.17 ,Store D,Retail,0.1,Frank, $949.69 ,Cash,SAVE10,1,REG100472,Cust 1222, $48.21 ,28/02/2025,08/03/2025,Cameron,Feb, $901.48 , $105.52 
28/11/2023,West,Phone,2, $532.51 ,Store B,Wholesale,0,Carlos," $1,065.02 ",Credit Card,WINTER15,1,REG100473,Cust 6208, $49.67 ,28/11/2023,01/12/2023,Wendy,Nov," $1,015.35 ", $-   
04/12/2023,West,Printer,1, $268.19 ,Store B,Wholesale,0.1,Carlos, $241.37 ,Gift Card,WINTER15,0,REG100474,Cust 5942, $9.48 ,04/12/2023,13/12/2023,Wendy,Dec, $231.89 , $26.82 
21/06/2024,South,Printer,17, $432.65 ,Store A,Retail,0.15,Frank," $6,251.79 ",Cash,FREESHIP,0,REG100475,Cust 1745, $18.85 ,21/06/2024,29/06/2024,Sophie,Jun," $6,232.94 "," $1,103.26 "
17/03/2025,East,Desk,14, $123.04 ,Store A,Wholesale,0.1,Diana," $1,550.30 ",Cash,WINTER15,1,REG100476,Cust 2679, $43.28 ,17/03/2025,26/03/2025,Eric,Mar," $1,507.02 ", $172.26 
17/08/2023,Central,Desk,16, $454.54 ,Store B,Retail,0.1,Bob," $6,545.38 ",Online,FREESHIP,0,REG100477,Cust 9907, $20.55 ,17/08/2023,19/08/2023,Cameron,Aug," $6,524.83 ", $727.26 
30/08/2023,Central,Monitor,11, $414.58 ,Store D,Wholesale,0.05,Diana," $4,332.36 ",Cash,WINTER15,0,REG100478,Cust 5750, $25.33 ,30/08/2023,05/09/2023,Cameron,Aug," $4,307.03 ", $228.02 
16/06/2025,East,Phone,9, $352.91 ,Store B,Wholesale,0.1,Bob," $2,858.57 ",Cash,FREESHIP,0,REG100479,Cust 5717, $30.57 ,16/06/2025,18/06/2025,Eric,Jun," $2,828.00 ", $317.62 
29/06/2023,North,Chair,10, $126.46 ,Store A,Retail,0.1,Eva," $1,138.14 ",Online,WINTER15,0,REG100480,Cust 7995, $26.96 ,29/06/2023,09/07/2023,Ryan,Jun," $1,111.18 ", $126.46 
13/08/2023,North,Monitor,7, $125.02 ,Store D,Wholesale,0,Carlos, $875.14 ,Credit Card,FREESHIP,0,REG100481,Cust 5572, $12.45 ,13/08/2023,20/08/2023,Ryan,Aug, $862.69 , $-   
29/04/2024,West,Tablet,20, $367.24 ,Store A,Wholesale,0.05,Carlos," $6,977.56 ",Gift Card,FREESHIP,0,REG100482,Cust 1721, $45.67 ,29/04/2024,07/05/2024,Wendy,Apr," $6,931.89 ", $367.24 
15/07/2023,West,Monitor,8, $432.12 ,Store B,Retail,0,Diana," $3,456.96 ",Credit Card,WINTER15,0,REG100483,Cust 2641, $42.10 ,15/07/2023,25/07/2023,Wendy,Jul," $3,414.86 ", $-   
17/01/2025,North,Tablet,3, $13.33 ,Store D,Retail,0.1,Eva, $35.99 ,Cash,SAVE10,0,REG100484,Cust 9769, $17.62 ,17/01/2025,23/01/2025,Ryan,Jan, $18.37 , $4.00 
21/02/2025,East,Printer,13, $105.93 ,Store C,Retail,0,Bob," $1,377.09 ",Debit Card,FREESHIP,0,REG100485,Cust 1718, $38.96 ,21/02/2025,03/03/2025,Eric,Feb," $1,338.13 ", $-   
19/07/2023,West,Monitor,20, $526.55 ,Store A,Wholesale,0,Alice," $10,531.00 ",Debit Card,FREESHIP,1,REG100486,Cust 1210, $25.64 ,19/07/2023,26/07/2023,Wendy,Jul," $10,505.36 ", $-   
29/09/2024,West,Phone,11, $339.78 ,Store A,Retail,0.05,Diana," $3,550.70 ",Debit Card,WINTER15,1,REG100487,Cust 7710, $11.56 ,29/09/2024,06/10/2024,Wendy,Sep," $3,539.14 ", $186.88 
17/10/2024,East,Laptop,10, $91.75 ,Store D,Wholesale,0.15,Frank, $779.88 ,Cash,WINTER15,0,REG100488,Cust 1428, $37.27 ,17/10/2024,21/10/2024,Eric,Oct, $742.61 , $137.63 
11/06/2025,East,Phone,15, $13.66 ,Store B,Retail,0.1,Alice, $184.41 ,Debit Card,FREESHIP,0,REG100489,Cust 2810, $38.04 ,11/06/2025,17/06/2025,Eric,Jun, $146.37 , $20.49 
19/01/2024,West,Desk,6, $148.23 ,Store B,Retail,0.1,Eva, $800.44 ,Credit Card,FREESHIP,0,REG100490,Cust 2234, $19.58 ,19/01/2024,29/01/2024,Wendy,Jan, $780.86 , $88.94 
03/12/2023,East,Chair,11, $495.03 ,Store D,Wholesale,0.15,Frank," $4,628.53 ",Cash,WINTER15,0,REG100491,Cust 9602, $27.37 ,03/12/2023,05/12/2023,Eric,Dec," $4,601.16 ", $816.80 
19/06/2024,Central,Chair,6, $247.20 ,Store A,Wholesale,0.05,Diana," $1,409.04 ",Credit Card,FREESHIP,0,REG100492,Cust 2546, $18.75 ,19/06/2024,27/06/2024,Cameron,Jun," $1,390.29 ", $74.16 
16/10/2024,West,Tablet,19, $207.45 ,Store C,Retail,0.05,Bob," $3,744.47 ",Debit Card,SAVE10,0,REG100493,Cust 5032, $11.50 ,16/10/2024,21/10/2024,Wendy,Oct," $3,732.97 ", $197.08 
23/01/2025,East,Laptop,2, $370.78 ,Store D,Wholesale,0.15,Diana, $630.33 ,Online,FREESHIP,0,REG100494,Cust 4297, $20.45 ,23/01/2025,27/01/2025,Eric,Jan, $609.88 , $111.23 
02/10/2023,Central,Laptop,9, $146.72 ,Store A,Wholesale,0.1,Diana," $1,188.43 ",Credit Card,,0,REG100495,Cust 6944, $10.45 ,02/10/2023,10/10/2023,Cameron,Oct," $1,177.98 ", $132.05 
05/11/2023,East,Desk,12, $159.85 ,Store D,Retail,0.1,Alice," $1,726.38 ",Cash,WINTER15,0,REG100496,Cust 4136, $32.61 ,05/11/2023,07/11/2023,Eric,Nov," $1,693.77 ", $191.82 
18/06/2023,South,Printer,13, $181.68 ,Store C,Wholesale,0.05,Diana," $2,243.75 ",Gift Card,SAVE10,0,REG100497,Cust 7460, $14.69 ,18/06/2023,23/06/2023,Sophie,Jun," $2,229.06 ", $118.09 
15/07/2024,Central,Phone,16, $34.16 ,Store A,Retail,0.15,Bob, $464.58 ,Cash,SAVE10,0,REG100498,Cust 3960, $36.33 ,15/07/2024,21/07/2024,Cameron,Jul, $428.25 , $81.98 
14/06/2024,Central,Laptop,2, $287.43 ,Store C,Wholesale,0.1,Diana, $517.37 ,Cash,WINTER15,0,REG100499,Cust 5530, $25.34 ,14/06/2024,23/06/2024,Cameron,Jun, $492.03 , $57.49 
05/04/2024,East,Monitor,15, $405.95 ,Store D,Wholesale,0.15,Eva," $5,175.86 ",Gift Card,,0,REG100500,Cust 3160, $32.04 ,05/04/2024,10/04/2024,Eric,Apr," $5,143.82 ", $913.39 
27/02/2023,North,Laptop,1, $430.61 ,Store B,Retail,0,Alice, $430.61 ,Gift Card,WINTER15,0,REG100501,Cust 9641, $14.53 ,27/02/2023,07/03/2023,Ryan,Feb, $416.08 , $-   
31/07/2023,West,Laptop,5, $508.05 ,Store D,Retail,0,Frank," $2,540.25 ",Credit Card,WINTER15,1,REG100502,Cust 9742, $35.63 ,31/07/2023,09/08/2023,Wendy,Jul," $2,504.62 ", $-   
03/03/2023,West,Laptop,13, $522.97 ,Store C,Retail,0.15,Carlos," $5,778.82 ",Debit Card,FREESHIP,0,REG100503,Cust 1144, $33.90 ,03/03/2023,10/03/2023,Wendy,Mar," $5,744.92 "," $1,019.79 "
26/04/2023,South,Laptop,17, $260.25 ,Store D,Wholesale,0.1,Frank," $3,981.83 ",Credit Card,SAVE10,0,REG100504,Cust 2936, $23.26 ,26/04/2023,28/04/2023,Sophie,Apr," $3,958.57 ", $442.43 
19/10/2024,East,Phone,6, $549.21 ,Store B,Retail,0.1,Eva," $2,965.73 ",Credit Card,WINTER15,1,REG100505,Cust 3035, $12.29 ,19/10/2024,27/10/2024,Eric,Oct," $2,953.44 ", $329.53 
30/06/2024,Central,Printer,17, $472.33 ,Store C,Retail,0.15,Carlos," $6,825.17 ",Debit Card,WINTER15,0,REG100506,Cust 1717, $22.63 ,30/06/2024,04/07/2024,Cameron,Jun," $6,802.54 "," $1,204.44 "
11/10/2024,West,Laptop,9, $596.83 ,Store A,Retail,0,Eva," $5,371.47 ",Cash,WINTER15,0,REG100507,Cust 4456, $6.43 ,11/10/2024,19/10/2024,Wendy,Oct," $5,365.04 ", $-   
14/06/2025,Central,Monitor,15, $154.04 ,Store D,Retail,0.1,Alice," $2,079.54 ",Cash,FREESHIP,1,REG100508,Cust 6435, $24.53 ,14/06/2025,23/06/2025,Cameron,Jun," $2,055.01 ", $231.06 
22/12/2024,East,Laptop,18, $500.44 ,Store D,Wholesale,0.1,Bob," $8,107.13 ",Credit Card,,0,REG100509,Cust 9352, $8.87 ,22/12/2024,30/12/2024,Eric,Dec," $8,098.26 ", $900.79 
22/04/2024,West,Tablet,5, $382.17 ,Store C,Wholesale,0,Diana," $1,910.85 ",Credit Card,FREESHIP,0,REG100510,Cust 6746, $17.72 ,22/04/2024,25/04/2024,Wendy,Apr," $1,893.13 ", $-   
25/01/2025,North,Chair,3, $365.54 ,Store B,Retail,0.15,Frank, $932.13 ,Online,,0,REG100511,Cust 8189, $45.89 ,25/01/2025,29/01/2025,Ryan,Jan, $886.24 , $164.49 
13/11/2024,North,Laptop,5, $270.13 ,Store C,Retail,0.15,Eva," $1,148.05 ",Credit Card,,0,REG100512,Cust 8470, $15.74 ,13/11/2024,19/11/2024,Ryan,Nov," $1,132.31 ", $202.60 
16/03/2023,East,Tablet,2, $480.15 ,Store D,Retail,0.15,Diana, $816.26 ,Online,,0,REG100513,Cust 1044, $42.07 ,16/03/2023,21/03/2023,Eric,Mar, $774.19 , $144.05 
06/05/2023,North,Laptop,18, $414.77 ,Store C,Wholesale,0.1,Eva," $6,719.27 ",Credit Card,,1,REG100514,Cust 4010, $28.55 ,06/05/2023,15/05/2023,Ryan,May," $6,690.72 ", $746.59 
15/11/2024,East,Monitor,10, $98.24 ,Store C,Wholesale,0,Frank, $982.40 ,Credit Card,FREESHIP,1,REG100515,Cust 1385, $21.01 ,15/11/2024,17/11/2024,Eric,Nov, $961.39 , $-   
28/06/2024,Central,Laptop,6, $227.60 ,Store D,Retail,0.05,Carlos," $1,297.32 ",Debit Card,FREESHIP,0,REG100516,Cust 1904, $38.22 ,28/06/2024,05/07/2024,Cameron,Jun," $1,259.10 ", $68.28 
11/05/2025,Central,Monitor,5, $136.13 ,Store C,Retail,0.15,Carlos, $578.55 ,Online,,0,REG100517,Cust 6034, $10.02 ,11/05/2025,20/05/2025,Cameron,May, $568.53 , $102.10 
26/02/2023,Central,Tablet,5, $489.13 ,Store C,Retail,0.1,Diana," $2,201.09 ",Gift Card,FREESHIP,0,REG100518,Cust 9239, $44.73 ,26/02/2023,04/03/2023,Cameron,Feb," $2,156.36 ", $244.57 
30/04/2024,South,Laptop,4, $414.36 ,Store A,Retail,0,Bob," $1,657.44 ",Debit Card,FREESHIP,0,REG100519,Cust 5678, $8.02 ,30/04/2024,07/05/2024,Sophie,Apr," $1,649.42 ", $-   
11/03/2025,East,Laptop,6, $138.26 ,Store B,Retail,0.15,Eva, $705.13 ,Online,,1,REG100520,Cust 3696, $31.40 ,11/03/2025,13/03/2025,Eric,Mar, $673.73 , $124.43 
30/06/2025,East,Phone,12, $487.57 ,Store A,Wholesale,0.05,Eva," $5,558.30 ",Cash,,0,REG100521,Cust 9025, $37.33 ,30/06/2025,10/07/2025,Eric,Jun," $5,520.97 ", $292.54 
02/06/2024,North,Chair,20, $427.30 ,Store C,Wholesale,0.05,Frank," $8,118.70 ",Gift Card,FREESHIP,1,REG100522,Cust 9924, $25.19 ,02/06/2024,08/06/2024,Ryan,Jun," $8,093.51 ", $427.30 
01/09/2024,South,Laptop,16, $588.92 ,Store D,Wholesale,0.15,Alice," $8,009.31 ",Cash,FREESHIP,0,REG100523,Cust 3887, $7.89 ,01/09/2024,05/09/2024,Sophie,Sep," $8,001.42 "," $1,413.41 "
11/01/2025,South,Laptop,6, $429.45 ,Store B,Retail,0.1,Alice," $2,319.03 ",Cash,,0,REG100524,Cust 5302, $47.18 ,11/01/2025,18/01/2025,Sophie,Jan," $2,271.85 ", $257.67 
31/03/2025,South,Phone,1, $476.00 ,Store A,Wholesale,0.15,Carlos, $404.60 ,Cash,FREESHIP,0,REG100525,Cust 2290, $18.95 ,31/03/2025,03/04/2025,Sophie,Mar, $385.65 , $71.40 
28/11/2024,South,Phone,13, $141.26 ,Store B,Retail,0,Frank," $1,836.38 ",Online,,0,REG100526,Cust 2227, $23.68 ,28/11/2024,05/12/2024,Sophie,Nov," $1,812.70 ", $-   
05/07/2023,North,Chair,3, $250.65 ,Store D,Retail,0.15,Eva, $639.16 ,Credit Card,SAVE10,0,REG100527,Cust 1726, $44.46 ,05/07/2023,07/07/2023,Ryan,Jul, $594.70 , $112.79 
24/10/2024,West,Monitor,19, $301.17 ,Store D,Retail,0.05,Alice," $5,436.12 ",Debit Card,WINTER15,0,REG100528,Cust 9874, $5.71 ,24/10/2024,03/11/2024,Wendy,Oct," $5,430.41 ", $286.11 
08/04/2025,North,Chair,7, $30.79 ,Store C,Retail,0.1,Bob, $193.98 ,Cash,WINTER15,1,REG100529,Cust 1774, $11.39 ,08/04/2025,16/04/2025,Ryan,Apr, $182.59 , $21.55 
05/06/2024,East,Laptop,1, $561.60 ,Store A,Wholesale,0.15,Alice, $477.36 ,Debit Card,SAVE10,0,REG100530,Cust 2414, $38.02 ,05/06/2024,10/06/2024,Eric,Jun, $439.34 , $84.24 
23/01/2025,West,Phone,16, $193.70 ,Store A,Retail,0.15,Bob," $2,634.32 ",Credit Card,SAVE10,0,REG100531,Cust 6534, $6.83 ,23/01/2025,29/01/2025,Wendy,Jan," $2,627.49 ", $464.88 
04/11/2024,Central,Tablet,17, $310.03 ,Store D,Retail,0.05,Carlos," $5,006.98 ",Online,FREESHIP,0,REG100532,Cust 3170, $8.06 ,04/11/2024,12/11/2024,Cameron,Nov," $4,998.92 ", $263.53 
01/01/2024,West,Printer,13, $204.67 ,Store A,Retail,0.15,Alice," $2,261.60 ",Online,,0,REG100533,Cust 5438, $6.76 ,01/01/2024,05/01/2024,Wendy,Jan," $2,254.84 ", $399.11 
09/04/2024,Central,Printer,3, $250.11 ,Store D,Wholesale,0,Alice, $750.33 ,Gift Card,FREESHIP,0,REG100534,Cust 2670, $36.35 ,09/04/2024,17/04/2024,Cameron,Apr, $713.98 , $-   
17/01/2025,North,Desk,12, $526.82 ,Store A,Retail,0,Frank," $6,321.84 ",Credit Card,WINTER15,0,REG100535,Cust 8949, $29.75 ,17/01/2025,25/01/2025,Ryan,Jan," $6,292.09 ", $-   
22/09/2024,East,Chair,18, $575.10 ,Store D,Wholesale,0,Bob," $10,351.80 ",Online,FREESHIP,0,REG100536,Cust 9748, $35.32 ,22/09/2024,29/09/2024,Eric,Sep," $10,316.48 ", $-   
20/01/2023,East,Monitor,8, $325.52 ,Store C,Retail,0.1,Frank," $2,343.74 ",Debit Card,WINTER15,0,REG100537,Cust 1220, $45.59 ,20/01/2023,25/01/2023,Eric,Jan," $2,298.15 ", $260.42 
12/01/2024,North,Monitor,14, $157.14 ,Store A,Wholesale,0.15,Diana," $1,869.97 ",Gift Card,SAVE10,0,REG100538,Cust 5645, $36.04 ,12/01/2024,22/01/2024,Ryan,Jan," $1,833.93 ", $329.99 
08/04/2024,Central,Laptop,10, $100.26 ,Store D,Wholesale,0.05,Carlos, $952.47 ,Gift Card,SAVE10,0,REG100539,Cust 6577, $36.71 ,08/04/2024,15/04/2024,Cameron,Apr, $915.76 , $50.13 
27/04/2023,Central,Laptop,9, $554.48 ,Store C,Wholesale,0,Carlos," $4,990.32 ",Online,,0,REG100540,Cust 9506, $48.26 ,27/04/2023,01/05/2023,Cameron,Apr," $4,942.06 ", $-   
17/07/2024,North,Phone,4, $375.96 ,Store C,Retail,0.15,Carlos," $1,278.26 ",Debit Card,,0,REG100541,Cust 9302, $44.99 ,17/07/2024,25/07/2024,Ryan,Jul," $1,233.27 ", $225.58 
17/02/2024,Central,Monitor,14, $485.21 ,Store A,Retail,0,Frank," $6,792.94 ",Online,FREESHIP,0,REG100542,Cust 3030, $41.72 ,17/02/2024,23/02/2024,Cameron,Feb," $6,751.22 ", $-   
25/01/2024,South,Monitor,9, $372.44 ,Store A,Wholesale,0.05,Diana," $3,184.36 ",Gift Card,FREESHIP,0,REG100543,Cust 5896, $41.87 ,25/01/2024,02/02/2024,Sophie,Jan," $3,142.49 ", $167.60 
24/03/2024,Central,Laptop,7, $140.53 ,Store D,Retail,0,Frank, $983.71 ,Debit Card,,1,REG100544,Cust 3763, $24.53 ,24/03/2024,02/04/2024,Cameron,Mar, $959.18 , $-   
25/06/2023,North,Desk,15, $365.61 ,Store D,Retail,0.15,Bob," $4,661.53 ",Cash,FREESHIP,0,REG100545,Cust 9510, $35.84 ,25/06/2023,27/06/2023,Ryan,Jun," $4,625.69 ", $822.62 
17/04/2023,South,Laptop,20, $353.97 ,Store B,Wholesale,0.15,Frank," $6,017.49 ",Cash,WINTER15,1,REG100546,Cust 7637, $22.05 ,17/04/2023,20/04/2023,Sophie,Apr," $5,995.44 "," $1,061.91 "
28/06/2023,East,Chair,14, $293.31 ,Store D,Wholesale,0,Alice," $4,106.34 ",Gift Card,,0,REG100547,Cust 8382, $21.61 ,28/06/2023,30/06/2023,Eric,Jun," $4,084.73 ", $-   
06/04/2024,Central,Chair,10, $397.39 ,Store D,Retail,0.15,Alice," $3,377.82 ",Gift Card,,0,REG100548,Cust 4015, $25.27 ,06/04/2024,16/04/2024,Cameron,Apr," $3,352.55 ", $596.09 
17/02/2025,South,Chair,2, $98.35 ,Store C,Retail,0,Eva, $196.70 ,Debit Card,FREESHIP,0,REG100549,Cust 5172, $28.65 ,17/02/2025,19/02/2025,Sophie,Feb, $168.05 , $-   
08/01/2023,South,Desk,6, $581.67 ,Store A,Wholesale,0,Frank," $3,490.02 ",Debit Card,,0,REG100550,Cust 7584, $39.40 ,08/01/2023,11/01/2023,Sophie,Jan," $3,450.62 ", $-   
21/12/2023,South,Phone,19, $30.41 ,Store D,Retail,0.05,Frank, $548.90 ,Debit Card,FREESHIP,0,REG100551,Cust 6809, $48.33 ,21/12/2023,31/12/2023,Sophie,Dec, $500.57 , $28.89 
13/07/2024,North,Monitor,15, $368.79 ,Store C,Wholesale,0.1,Bob," $4,978.67 ",Gift Card,WINTER15,0,REG100552,Cust 7540, $16.90 ,13/07/2024,15/07/2024,Ryan,Jul," $4,961.77 ", $553.19 
23/03/2024,West,Monitor,4, $56.06 ,Store D,Retail,0.15,Carlos, $190.60 ,Cash,SAVE10,0,REG100553,Cust 6888, $10.77 ,23/03/2024,01/04/2024,Wendy,Mar, $179.83 , $33.64 
19/03/2024,West,Chair,7, $15.65 ,Store D,Wholesale,0,Carlos, $109.55 ,Debit Card,,0,REG100554,Cust 3304, $13.28 ,19/03/2024,25/03/2024,Wendy,Mar, $96.27 , $-   
20/05/2025,Central,Tablet,9, $380.85 ,Store B,Wholesale,0,Carlos," $3,427.65 ",Cash,FREESHIP,0,REG100555,Cust 4196, $33.40 ,20/05/2025,29/05/2025,Cameron,May," $3,394.25 ", $-   
19/01/2025,South,Chair,11, $587.21 ,Store C,Wholesale,0,Carlos," $6,459.31 ",Debit Card,WINTER15,0,REG100556,Cust 6596, $34.32 ,19/01/2025,26/01/2025,Sophie,Jan," $6,424.99 ", $-   
28/05/2023,South,Printer,17, $554.25 ,Store A,Wholesale,0.1,Diana," $8,480.03 ",Debit Card,,0,REG100557,Cust 5588, $8.66 ,28/05/2023,01/06/2023,Sophie,May," $8,471.37 ", $942.23 
28/10/2023,East,Printer,3, $410.23 ,Store A,Wholesale,0.15,Diana," $1,046.09 ",Credit Card,FREESHIP,0,REG100558,Cust 1518, $6.04 ,28/10/2023,03/11/2023,Eric,Oct," $1,040.05 ", $184.60 
25/11/2023,West,Monitor,5, $99.23 ,Store B,Retail,0,Eva, $496.15 ,Debit Card,,0,REG100559,Cust 2819, $37.66 ,25/11/2023,02/12/2023,Wendy,Nov, $458.49 , $-   
17/11/2024,South,Monitor,9, $503.18 ,Store B,Wholesale,0,Diana," $4,528.62 ",Gift Card,SAVE10,1,REG100560,Cust 1947, $46.02 ,17/11/2024,24/11/2024,Sophie,Nov," $4,482.60 ", $-   
24/01/2024,Central,Monitor,17, $155.31 ,Store C,Retail,0.15,Bob," $2,244.23 ",Credit Card,WINTER15,0,REG100561,Cust 7332, $27.10 ,24/01/2024,29/01/2024,Cameron,Jan," $2,217.13 ", $396.04 
19/06/2023,North,Chair,7, $303.79 ,Store D,Wholesale,0.15,Frank," $1,807.55 ",Credit Card,SAVE10,0,REG100562,Cust 7314, $38.85 ,19/06/2023,29/06/2023,Ryan,Jun," $1,768.70 ", $318.98 
13/01/2025,East,Phone,17, $263.75 ,Store B,Retail,0,Alice," $4,483.75 ",Online,,1,REG100563,Cust 5296, $12.97 ,13/01/2025,18/01/2025,Eric,Jan," $4,470.78 ", $-   
24/01/2024,East,Phone,4, $179.92 ,Store D,Retail,0.1,Diana, $647.71 ,Online,WINTER15,0,REG100564,Cust 2964, $35.26 ,24/01/2024,01/02/2024,Eric,Jan, $612.45 , $71.97 
06/01/2025,South,Printer,2, $264.00 ,Store D,Retail,0,Bob, $528.00 ,Gift Card,SAVE10,0,REG100565,Cust 5381, $26.73 ,06/01/2025,14/01/2025,Sophie,Jan, $501.27 , $-   
02/01/2025,Central,Laptop,4, $403.97 ,Store A,Wholesale,0.05,Alice," $1,535.09 ",Cash,WINTER15,0,REG100566,Cust 5436, $39.92 ,02/01/2025,09/01/2025,Cameron,Jan," $1,495.17 ", $80.79 
22/02/2023,North,Desk,4, $85.96 ,Store A,Retail,0.1,Frank, $309.46 ,Credit Card,,0,REG100567,Cust 1494, $32.12 ,22/02/2023,03/03/2023,Ryan,Feb, $277.34 , $34.38 
06/02/2025,East,Desk,2, $93.49 ,Store A,Wholesale,0.1,Alice, $168.28 ,Debit Card,WINTER15,0,REG100568,Cust 4380, $26.31 ,06/02/2025,16/02/2025,Eric,Feb, $141.97 , $18.70 
26/09/2024,East,Desk,11, $144.29 ,Store B,Retail,0.05,Bob," $1,507.83 ",Credit Card,WINTER15,0,REG100569,Cust 7054, $11.91 ,26/09/2024,30/09/2024,Eric,Sep," $1,495.92 ", $79.36 
28/03/2025,North,Chair,18, $553.23 ,Store D,Wholesale,0,Frank," $9,958.14 ",Cash,FREESHIP,0,REG100570,Cust 1375, $31.76 ,28/03/2025,01/04/2025,Ryan,Mar," $9,926.38 ", $-   
01/07/2023,East,Chair,9, $228.30 ,Store B,Retail,0.05,Eva," $1,951.97 ",Debit Card,FREESHIP,0,REG100571,Cust 5698, $8.75 ,01/07/2023,09/07/2023,Eric,Jul," $1,943.22 ", $102.74 
29/04/2023,West,Desk,7, $235.94 ,Store D,Wholesale,0.1,Alice," $1,486.42 ",Gift Card,FREESHIP,0,REG100572,Cust 3259, $8.44 ,29/04/2023,04/05/2023,Wendy,Apr," $1,477.98 ", $165.16 
30/04/2023,East,Printer,17, $369.52 ,Store C,Wholesale,0,Carlos," $6,281.84 ",Gift Card,,0,REG100573,Cust 9295, $17.12 ,30/04/2023,06/05/2023,Eric,Apr," $6,264.72 ", $-   
14/03/2024,West,Phone,8, $142.09 ,Store A,Wholesale,0,Eva," $1,136.72 ",Credit Card,WINTER15,0,REG100574,Cust 7035, $38.97 ,14/03/2024,20/03/2024,Wendy,Mar," $1,097.75 ", $-   
27/06/2023,Central,Chair,3, $497.61 ,Store B,Wholesale,0.15,Alice," $1,268.91 ",Cash,FREESHIP,1,REG100575,Cust 9049, $13.97 ,27/06/2023,02/07/2023,Cameron,Jun," $1,254.94 ", $223.92 
10/04/2024,North,Laptop,19, $9.48 ,Store A,Wholesale,0,Carlos, $180.12 ,Online,,0,REG100576,Cust 6173, $22.33 ,10/04/2024,12/04/2024,Ryan,Apr, $157.79 , $-   
30/08/2023,Central,Printer,8, $55.27 ,Store A,Wholesale,0.15,Bob, $375.84 ,Cash,WINTER15,0,REG100577,Cust 3447, $16.84 ,30/08/2023,01/09/2023,Cameron,Aug, $359.00 , $66.32 
23/10/2023,West,Laptop,17, $25.95 ,Store B,Wholesale,0.05,Bob, $419.09 ,Gift Card,,0,REG100578,Cust 2218, $27.68 ,23/10/2023,30/10/2023,Wendy,Oct, $391.41 , $22.06 
23/03/2023,North,Desk,18, $209.65 ,Store A,Wholesale,0.1,Carlos," $3,396.33 ",Debit Card,,0,REG100579,Cust 8882, $42.04 ,23/03/2023,30/03/2023,Ryan,Mar," $3,354.29 ", $377.37 
21/09/2024,Central,Laptop,13, $75.77 ,Store B,Wholesale,0.15,Frank, $837.26 ,Debit Card,SAVE10,0,REG100580,Cust 6709, $41.94 ,21/09/2024,30/09/2024,Cameron,Sep, $795.32 , $147.75 
26/12/2024,West,Tablet,5, $307.84 ,Store B,Wholesale,0.1,Bob," $1,385.28 ",Online,SAVE10,0,REG100581,Cust 8727, $13.61 ,26/12/2024,03/01/2025,Wendy,Dec," $1,371.67 ", $153.92 
26/02/2023,East,Phone,13, $6.50 ,Store A,Wholesale,0,Diana, $84.50 ,Cash,,0,REG100582,Cust 8359, $20.02 ,26/02/2023,03/03/2023,Eric,Feb, $64.48 , $-   
10/12/2024,North,Monitor,8, $70.79 ,Store B,Wholesale,0,Diana, $566.32 ,Online,,0,REG100583,Cust 1514, $46.35 ,10/12/2024,14/12/2024,Ryan,Dec, $519.97 , $-   
01/01/2025,East,Laptop,17, $584.70 ,Store D,Retail,0.1,Eva," $8,945.91 ",Online,,1,REG100584,Cust 2774, $46.59 ,01/01/2025,03/01/2025,Eric,Jan," $8,899.32 ", $993.99 
14/03/2025,East,Phone,4, $23.27 ,Store C,Wholesale,0.15,Diana, $79.12 ,Online,SAVE10,0,REG100585,Cust 4270, $32.86 ,14/03/2025,21/03/2025,Eric,Mar, $46.26 , $13.96 
16/01/2024,South,Tablet,5, $440.93 ,Store B,Wholesale,0.1,Carlos," $1,984.19 ",Gift Card,,0,REG100586,Cust 3123, $23.84 ,16/01/2024,20/01/2024,Sophie,Jan," $1,960.35 ", $220.47 
19/04/2024,West,Tablet,10, $278.45 ,Store D,Wholesale,0,Eva," $2,784.50 ",Credit Card,SAVE10,0,REG100587,Cust 7414, $11.13 ,19/04/2024,25/04/2024,Wendy,Apr," $2,773.37 ", $-   
08/12/2023,North,Monitor,14, $382.19 ,Store B,Wholesale,0.05,Frank," $5,083.13 ",Cash,FREESHIP,1,REG100588,Cust 5051, $49.12 ,08/12/2023,11/12/2023,Ryan,Dec," $5,034.01 ", $267.53 
15/03/2023,North,Monitor,14, $232.49 ,Store D,Wholesale,0.05,Diana," $3,092.12 ",Online,SAVE10,1,REG100589,Cust 5975, $5.32 ,15/03/2023,19/03/2023,Ryan,Mar," $3,086.80 ", $162.74 
07/02/2025,South,Laptop,17, $15.01 ,Store D,Wholesale,0.15,Diana, $216.89 ,Debit Card,SAVE10,1,REG100590,Cust 6948, $22.00 ,07/02/2025,13/02/2025,Sophie,Feb, $194.89 , $38.28 
27/06/2025,North,Monitor,11, $29.41 ,Store D,Retail,0.05,Carlos, $307.33 ,Credit Card,SAVE10,0,REG100591,Cust 8253, $6.16 ,27/06/2025,02/07/2025,Ryan,Jun, $301.17 , $16.18 
17/12/2024,Central,Tablet,1, $486.19 ,Store B,Retail,0.05,Frank, $461.88 ,Online,SAVE10,0,REG100592,Cust 7238, $41.73 ,17/12/2024,20/12/2024,Cameron,Dec, $420.15 , $24.31 
03/05/2024,South,Laptop,6, $266.67 ,Store B,Wholesale,0.05,Eva," $1,520.02 ",Debit Card,,0,REG100593,Cust 2219, $48.49 ,03/05/2024,11/05/2024,Sophie,May," $1,471.53 ", $80.00 
26/12/2023,South,Printer,3, $300.80 ,Store B,Wholesale,0.1,Carlos, $812.16 ,Cash,,1,REG100594,Cust 4297, $15.98 ,26/12/2023,01/01/2024,Sophie,Dec, $796.18 , $90.24 
13/05/2024,Central,Printer,11, $79.63 ,Store B,Wholesale,0.05,Frank, $832.13 ,Online,,0,REG100595,Cust 6665, $43.84 ,13/05/2024,19/05/2024,Cameron,May, $788.29 , $43.80 
07/10/2023,South,Laptop,6, $505.70 ,Store C,Retail,0,Alice," $3,034.20 ",Cash,,0,REG100596,Cust 4252, $40.38 ,07/10/2023,16/10/2023,Sophie,Oct," $2,993.82 ", $-   
11/07/2023,West,Printer,5, $569.62 ,Store C,Wholesale,0,Diana," $2,848.10 ",Debit Card,FREESHIP,0,REG100597,Cust 6104, $48.80 ,11/07/2023,13/07/2023,Wendy,Jul," $2,799.30 ", $-   
31/01/2025,South,Tablet,19, $90.85 ,Store C,Retail,0.05,Alice," $1,639.84 ",Credit Card,SAVE10,0,REG100598,Cust 6407, $22.28 ,31/01/2025,06/02/2025,Sophie,Jan," $1,617.56 ", $86.31 
04/02/2023,South,Chair,2, $296.91 ,Store A,Wholesale,0.05,Carlos, $564.13 ,Debit Card,WINTER15,0,REG100599,Cust 3573, $44.35 ,04/02/2023,07/02/2023,Sophie,Feb, $519.78 , $29.69 
02/09/2023,South,Printer,2, $6.19 ,Store B,Retail,0.1,Frank, $11.14 ,Credit Card,FREESHIP,1,REG100600,Cust 5280, $47.24 ,02/09/2023,12/09/2023,Sophie,Sep, $-36.10 , $1.24 
13/12/2024,Central,Monitor,18, $207.35 ,Store D,Wholesale,0.15,Alice," $3,172.46 ",Debit Card,FREESHIP,0,REG100601,Cust 2365, $11.17 ,13/12/2024,15/12/2024,Cameron,Dec," $3,161.29 ", $559.85 
13/10/2023,Central,Tablet,5, $75.27 ,Store A,Wholesale,0,Carlos, $376.35 ,Cash,,0,REG100602,Cust 7130, $31.61 ,13/10/2023,22/10/2023,Cameron,Oct, $344.74 , $-   
03/10/2024,South,Monitor,3, $136.15 ,Store A,Retail,0.1,Diana, $367.61 ,Gift Card,SAVE10,0,REG100603,Cust 6539, $48.38 ,03/10/2024,07/10/2024,Sophie,Oct, $319.23 , $40.85 
28/04/2024,Central,Desk,5, $544.66 ,Store B,Retail,0.1,Diana," $2,450.97 ",Online,SAVE10,0,REG100604,Cust 1656, $8.39 ,28/04/2024,04/05/2024,Cameron,Apr," $2,442.58 ", $272.33 
07/02/2024,Central,Desk,8, $561.90 ,Store A,Retail,0.15,Bob," $3,820.92 ",Online,FREESHIP,1,REG100605,Cust 1932, $15.97 ,07/02/2024,14/02/2024,Cameron,Feb," $3,804.95 ", $674.28 
08/02/2023,South,Chair,20, $313.47 ,Store C,Retail,0.15,Alice," $5,328.99 ",Online,FREESHIP,0,REG100606,Cust 7367, $18.17 ,08/02/2023,11/02/2023,Sophie,Feb," $5,310.82 ", $940.41 
17/06/2023,South,Phone,1, $418.45 ,Store C,Retail,0.15,Diana, $355.68 ,Cash,WINTER15,0,REG100607,Cust 1116, $35.58 ,17/06/2023,19/06/2023,Sophie,Jun, $320.10 , $62.77 
29/07/2024,West,Monitor,8, $420.75 ,Store B,Wholesale,0.1,Bob," $3,029.40 ",Online,SAVE10,1,REG100608,Cust 4464, $44.61 ,29/07/2024,01/08/2024,Wendy,Jul," $2,984.79 ", $336.60 
29/01/2024,West,Printer,16, $514.36 ,Store D,Wholesale,0,Alice," $8,229.76 ",Online,SAVE10,0,REG100609,Cust 2543, $40.75 ,29/01/2024,01/02/2024,Wendy,Jan," $8,189.01 ", $-   
18/01/2024,East,Phone,2, $297.20 ,Store B,Retail,0.1,Frank, $534.96 ,Gift Card,FREESHIP,0,REG100610,Cust 7948, $8.71 ,18/01/2024,23/01/2024,Eric,Jan, $526.25 , $59.44 
12/08/2024,North,Chair,10, $278.00 ,Store C,Retail,0,Bob," $2,780.00 ",Credit Card,,0,REG100611,Cust 3199, $24.25 ,12/08/2024,22/08/2024,Ryan,Aug," $2,755.75 ", $-   
16/04/2025,West,Monitor,8, $583.17 ,Store D,Wholesale,0.1,Frank," $4,198.82 ",Credit Card,WINTER15,0,REG100612,Cust 2800, $49.18 ,16/04/2025,20/04/2025,Wendy,Apr," $4,149.64 ", $466.54 
26/02/2023,Central,Desk,16, $75.62 ,Store D,Retail,0.1,Diana," $1,088.93 ",Cash,WINTER15,0,REG100613,Cust 3863, $27.39 ,26/02/2023,02/03/2023,Cameron,Feb," $1,061.54 ", $120.99 
07/01/2023,East,Desk,13, $561.62 ,Store C,Wholesale,0.05,Frank," $6,936.01 ",Gift Card,FREESHIP,0,REG100614,Cust 8391, $12.91 ,07/01/2023,11/01/2023,Eric,Jan," $6,923.10 ", $365.05 
24/10/2023,South,Desk,5, $359.61 ,Store A,Retail,0,Bob," $1,798.05 ",Online,FREESHIP,0,REG100615,Cust 6711, $41.31 ,24/10/2023,03/11/2023,Sophie,Oct," $1,756.74 ", $-   
02/01/2024,North,Tablet,15, $115.48 ,Store A,Retail,0.15,Frank," $1,472.37 ",Credit Card,,0,REG100616,Cust 8653, $6.04 ,02/01/2024,12/01/2024,Ryan,Jan," $1,466.33 ", $259.83 
17/09/2024,South,Laptop,12, $596.26 ,Store D,Wholesale,0.15,Eva," $6,081.85 ",Gift Card,WINTER15,0,REG100617,Cust 7937, $28.27 ,17/09/2024,25/09/2024,Sophie,Sep," $6,053.58 "," $1,073.27 "
05/05/2024,Central,Tablet,19, $401.68 ,Store C,Wholesale,0.05,Alice," $7,250.32 ",Debit Card,WINTER15,1,REG100618,Cust 5972, $37.77 ,05/05/2024,11/05/2024,Cameron,May," $7,212.55 ", $381.60 
27/06/2025,West,Desk,13, $112.88 ,Store D,Retail,0,Frank," $1,467.44 ",Debit Card,,0,REG100619,Cust 8597, $12.39 ,27/06/2025,29/06/2025,Wendy,Jun," $1,455.05 ", $-   
14/05/2024,West,Phone,6, $370.08 ,Store D,Retail,0.15,Alice," $1,887.41 ",Online,SAVE10,0,REG100620,Cust 5382, $7.39 ,14/05/2024,22/05/2024,Wendy,May," $1,880.02 ", $333.07 
29/02/2024,North,Chair,15, $119.86 ,Store A,Wholesale,0.15,Bob," $1,528.22 ",Debit Card,,1,REG100621,Cust 4323, $30.78 ,29/02/2024,05/03/2024,Ryan,Feb," $1,497.44 ", $269.69 
19/05/2025,East,Phone,5, $271.44 ,Store A,Wholesale,0.15,Diana," $1,153.62 ",Debit Card,FREESHIP,0,REG100622,Cust 1767, $5.98 ,19/05/2025,27/05/2025,Eric,May," $1,147.64 ", $203.58 
02/12/2024,East,Desk,9, $363.39 ,Store B,Wholesale,0.05,Diana," $3,106.98 ",Gift Card,,0,REG100623,Cust 3845, $41.64 ,02/12/2024,04/12/2024,Eric,Dec," $3,065.34 ", $163.53 
30/07/2024,West,Printer,12, $533.77 ,Store D,Wholesale,0.15,Alice," $5,444.45 ",Cash,SAVE10,0,REG100624,Cust 5912, $48.71 ,30/07/2024,04/08/2024,Wendy,Jul," $5,395.74 ", $960.79 
25/06/2023,South,Desk,12, $192.03 ,Store B,Wholesale,0.1,Carlos," $2,073.92 ",Credit Card,,0,REG100625,Cust 4446, $41.08 ,25/06/2023,03/07/2023,Sophie,Jun," $2,032.84 ", $230.44 
10/07/2024,South,Chair,20, $504.22 ,Store D,Wholesale,0,Frank," $10,084.40 ",Online,WINTER15,0,REG100626,Cust 6107, $14.61 ,10/07/2024,19/07/2024,Sophie,Jul," $10,069.79 ", $-   
06/01/2023,East,Laptop,7, $193.66 ,Store A,Wholesale,0.1,Diana," $1,220.06 ",Credit Card,FREESHIP,0,REG100627,Cust 3330, $39.01 ,06/01/2023,15/01/2023,Eric,Jan," $1,181.05 ", $135.56 
24/02/2024,South,Chair,3, $270.83 ,Store B,Wholesale,0.1,Carlos, $731.24 ,Online,SAVE10,1,REG100628,Cust 3604, $17.20 ,24/02/2024,29/02/2024,Sophie,Feb, $714.04 , $81.25 
11/12/2023,Central,Tablet,18, $62.08 ,Store B,Retail,0,Diana," $1,117.44 ",Credit Card,SAVE10,1,REG100629,Cust 7412, $8.67 ,11/12/2023,20/12/2023,Cameron,Dec," $1,108.77 ", $-   
19/02/2025,South,Printer,11, $505.96 ,Store C,Wholesale,0.15,Eva," $4,730.73 ",Debit Card,FREESHIP,1,REG100630,Cust 5183, $22.84 ,19/02/2025,23/02/2025,Sophie,Feb," $4,707.89 ", $834.83 
18/03/2025,West,Tablet,4, $62.46 ,Store D,Wholesale,0.15,Alice, $212.36 ,Debit Card,WINTER15,0,REG100631,Cust 4825, $31.91 ,18/03/2025,26/03/2025,Wendy,Mar, $180.45 , $37.48 
22/09/2023,South,Phone,7, $480.08 ,Store B,Wholesale,0.1,Diana," $3,024.50 ",Online,,1,REG100632,Cust 2123, $44.37 ,22/09/2023,27/09/2023,Sophie,Sep," $2,980.13 ", $336.06 
23/12/2023,West,Tablet,18, $60.66 ,Store A,Retail,0,Bob," $1,091.88 ",Online,FREESHIP,1,REG100633,Cust 8684, $10.08 ,23/12/2023,28/12/2023,Wendy,Dec," $1,081.80 ", $-   
04/05/2025,North,Desk,6, $249.09 ,Store B,Retail,0.05,Frank," $1,419.81 ",Cash,,0,REG100634,Cust 5964, $20.38 ,04/05/2025,10/05/2025,Ryan,May," $1,399.43 ", $74.73 
11/01/2025,East,Phone,20, $400.05 ,Store D,Wholesale,0.1,Diana," $7,200.90 ",Debit Card,WINTER15,0,REG100635,Cust 1810, $24.41 ,11/01/2025,13/01/2025,Eric,Jan," $7,176.49 ", $800.10 
21/04/2025,South,Printer,1, $130.87 ,Store B,Retail,0.05,Diana, $124.33 ,Online,WINTER15,0,REG100636,Cust 2685, $43.21 ,21/04/2025,24/04/2025,Sophie,Apr, $81.12 , $6.54 
13/12/2023,Central,Tablet,11, $133.08 ,Store A,Wholesale,0.15,Frank," $1,244.30 ",Credit Card,WINTER15,0,REG100637,Cust 7855, $44.61 ,13/12/2023,22/12/2023,Cameron,Dec," $1,199.69 ", $219.58 
07/02/2024,East,Chair,13, $448.68 ,Store B,Wholesale,0.1,Diana," $5,249.56 ",Credit Card,FREESHIP,1,REG100638,Cust 4101, $16.82 ,07/02/2024,11/02/2024,Eric,Feb," $5,232.74 ", $583.28 
24/04/2024,North,Tablet,19, $36.23 ,Store B,Wholesale,0,Diana, $688.37 ,Debit Card,WINTER15,0,REG100639,Cust 7964, $33.94 ,24/04/2024,27/04/2024,Ryan,Apr, $654.43 , $-   
11/09/2023,West,Chair,14, $113.77 ,Store C,Retail,0,Eva," $1,592.78 ",Cash,FREESHIP,0,REG100640,Cust 5857, $25.35 ,11/09/2023,16/09/2023,Wendy,Sep," $1,567.43 ", $-   
09/06/2025,Central,Printer,2, $89.60 ,Store A,Retail,0,Diana, $179.20 ,Gift Card,FREESHIP,0,REG100641,Cust 7010, $23.69 ,09/06/2025,12/06/2025,Cameron,Jun, $155.51 , $-   
06/06/2025,East,Desk,3, $391.92 ,Store A,Wholesale,0.15,Alice, $999.40 ,Debit Card,SAVE10,0,REG100642,Cust 7917, $9.86 ,06/06/2025,16/06/2025,Eric,Jun, $989.54 , $176.36 
23/12/2024,South,Chair,10, $418.93 ,Store C,Wholesale,0.1,Bob," $3,770.37 ",Credit Card,FREESHIP,0,REG100643,Cust 8111, $45.63 ,23/12/2024,28/12/2024,Sophie,Dec," $3,724.74 ", $418.93 
27/08/2023,East,Monitor,12, $303.09 ,Store B,Wholesale,0,Alice," $3,637.08 ",Gift Card,WINTER15,1,REG100644,Cust 4715, $5.48 ,27/08/2023,03/09/2023,Eric,Aug," $3,631.60 ", $-   
09/01/2023,East,Monitor,10, $209.95 ,Store A,Wholesale,0.1,Eva," $1,889.55 ",Cash,WINTER15,0,REG100645,Cust 8720, $10.99 ,09/01/2023,13/01/2023,Eric,Jan," $1,878.56 ", $209.95 
22/04/2025,East,Laptop,8, $283.63 ,Store C,Wholesale,0.1,Alice," $2,042.14 ",Cash,SAVE10,0,REG100646,Cust 8216, $49.91 ,22/04/2025,25/04/2025,Eric,Apr," $1,992.23 ", $226.90 
06/09/2023,South,Phone,7, $18.36 ,Store D,Retail,0.1,Alice, $115.67 ,Online,,0,REG100647,Cust 6946, $48.92 ,06/09/2023,11/09/2023,Sophie,Sep, $66.75 , $12.85 
21/01/2023,East,Monitor,9, $475.38 ,Store A,Wholesale,0.1,Carlos," $3,850.58 ",Debit Card,SAVE10,0,REG100648,Cust 9888, $39.98 ,21/01/2023,27/01/2023,Eric,Jan," $3,810.60 ", $427.84 
26/04/2024,Central,Chair,12, $591.92 ,Store D,Retail,0,Eva," $7,103.04 ",Debit Card,SAVE10,0,REG100649,Cust 4009, $25.20 ,26/04/2024,06/05/2024,Cameron,Apr," $7,077.84 ", $-   
27/06/2023,North,Phone,7, $93.23 ,Store B,Retail,0.05,Alice, $619.98 ,Credit Card,FREESHIP,1,REG100650,Cust 9489, $6.47 ,27/06/2023,30/06/2023,Ryan,Jun, $613.51 , $32.63 
01/01/2023,East,Tablet,15, $298.71 ,Store C,Retail,0,Bob," $4,480.65 ",Debit Card,SAVE10,0,REG100651,Cust 2446, $11.38 ,01/01/2023,08/01/2023,Eric,Jan," $4,469.27 ", $-   
30/12/2023,West,Tablet,15, $52.37 ,Store A,Retail,0.15,Diana, $667.72 ,Online,SAVE10,0,REG100652,Cust 4150, $8.93 ,30/12/2023,02/01/2024,Wendy,Dec, $658.79 , $117.83 
22/01/2023,Central,Phone,6, $104.19 ,Store C,Retail,0.1,Diana, $562.63 ,Online,,0,REG100653,Cust 3569, $8.62 ,22/01/2023,24/01/2023,Cameron,Jan, $554.01 , $62.51 
27/07/2024,South,Laptop,8, $493.09 ,Store A,Retail,0.05,Diana," $3,747.48 ",Credit Card,FREESHIP,0,REG100654,Cust 1023, $11.49 ,27/07/2024,05/08/2024,Sophie,Jul," $3,735.99 ", $197.24 
15/01/2024,South,Chair,6, $291.58 ,Store B,Wholesale,0,Frank," $1,749.48 ",Credit Card,FREESHIP,0,REG100655,Cust 3748, $30.25 ,15/01/2024,17/01/2024,Sophie,Jan," $1,719.23 ", $-   
04/01/2024,West,Tablet,1, $103.13 ,Store B,Wholesale,0,Bob, $103.13 ,Online,FREESHIP,0,REG100656,Cust 4798, $42.38 ,04/01/2024,14/01/2024,Wendy,Jan, $60.75 , $-   
09/02/2023,East,Monitor,1, $541.90 ,Store A,Retail,0.05,Eva, $514.81 ,Cash,WINTER15,0,REG100657,Cust 8305, $40.35 ,09/02/2023,19/02/2023,Eric,Feb, $474.46 , $27.10 
20/06/2024,North,Phone,11, $303.09 ,Store D,Wholesale,0.1,Diana," $3,000.59 ",Online,SAVE10,0,REG100658,Cust 3864, $21.88 ,20/06/2024,24/06/2024,Ryan,Jun," $2,978.71 ", $333.40 
21/02/2023,Central,Desk,11, $61.81 ,Store C,Retail,0.05,Bob, $645.91 ,Gift Card,WINTER15,0,REG100659,Cust 3459, $47.95 ,21/02/2023,03/03/2023,Cameron,Feb, $597.96 , $34.00 
16/08/2023,Central,Desk,8, $355.15 ,Store B,Retail,0.1,Carlos," $2,557.08 ",Online,,1,REG100660,Cust 1187, $38.59 ,16/08/2023,24/08/2023,Cameron,Aug," $2,518.49 ", $284.12 
03/11/2023,West,Monitor,11, $119.84 ,Store D,Wholesale,0.1,Eva," $1,186.42 ",Online,SAVE10,0,REG100661,Cust 7509, $16.64 ,03/11/2023,11/11/2023,Wendy,Nov," $1,169.78 ", $131.82 
26/04/2024,South,Laptop,16, $318.32 ,Store C,Wholesale,0.05,Diana," $4,838.46 ",Credit Card,FREESHIP,0,REG100662,Cust 1869, $40.78 ,26/04/2024,01/05/2024,Sophie,Apr," $4,797.68 ", $254.66 
08/10/2024,South,Desk,9, $446.49 ,Store D,Wholesale,0.15,Carlos," $3,415.65 ",Cash,FREESHIP,0,REG100663,Cust 5943, $5.77 ,08/10/2024,17/10/2024,Sophie,Oct," $3,409.88 ", $602.76 
09/01/2023,South,Desk,16, $258.82 ,Store D,Retail,0.1,Diana," $3,727.01 ",Online,SAVE10,0,REG100664,Cust 8364, $46.93 ,09/01/2023,17/01/2023,Sophie,Jan," $3,680.08 ", $414.11 
25/12/2023,North,Printer,9, $272.68 ,Store D,Wholesale,0.05,Eva," $2,331.41 ",Online,SAVE10,0,REG100665,Cust 8401, $16.43 ,25/12/2023,02/01/2024,Ryan,Dec," $2,314.98 ", $122.71 
11/05/2024,Central,Monitor,12, $438.77 ,Store C,Retail,0,Eva," $5,265.24 ",Debit Card,SAVE10,0,REG100666,Cust 4047, $9.31 ,11/05/2024,20/05/2024,Cameron,May," $5,255.93 ", $-   
23/11/2023,West,Tablet,18, $267.63 ,Store B,Retail,0,Carlos," $4,817.34 ",Gift Card,SAVE10,0,REG100667,Cust 6019, $44.48 ,23/11/2023,26/11/2023,Wendy,Nov," $4,772.86 ", $-   
10/12/2023,Central,Printer,6, $115.94 ,Store A,Wholesale,0.05,Carlos, $660.86 ,Credit Card,SAVE10,0,REG100668,Cust 8750, $23.91 ,10/12/2023,12/12/2023,Cameron,Dec, $636.95 , $34.78 
03/02/2024,North,Printer,19, $275.78 ,Store C,Retail,0,Frank," $5,239.82 ",Cash,SAVE10,0,REG100669,Cust 5782, $47.00 ,03/02/2024,05/02/2024,Ryan,Feb," $5,192.82 ", $-   
24/11/2024,Central,Chair,12, $255.93 ,Store B,Retail,0,Eva," $3,071.16 ",Cash,WINTER15,0,REG100670,Cust 4090, $23.74 ,24/11/2024,04/12/2024,Cameron,Nov," $3,047.42 ", $-   
06/03/2024,West,Phone,1, $381.21 ,Store D,Wholesale,0.15,Bob, $324.03 ,Online,,0,REG100671,Cust 4730, $9.95 ,06/03/2024,11/03/2024,Wendy,Mar, $314.08 , $57.18 
01/02/2025,South,Desk,5, $38.23 ,Store C,Wholesale,0.15,Bob, $162.48 ,Debit Card,,0,REG100672,Cust 5648, $21.06 ,01/02/2025,11/02/2025,Sophie,Feb, $141.42 , $28.67 
04/06/2024,Central,Laptop,7, $225.86 ,Store B,Wholesale,0,Carlos," $1,581.02 ",Debit Card,,0,REG100673,Cust 8933, $24.48 ,04/06/2024,09/06/2024,Cameron,Jun," $1,556.54 ", $-   
06/08/2023,Central,Desk,8, $548.02 ,Store D,Retail,0.05,Eva," $4,164.95 ",Online,,0,REG100674,Cust 9280, $33.40 ,06/08/2023,13/08/2023,Cameron,Aug," $4,131.55 ", $219.21 
30/06/2023,West,Printer,18, $485.30 ,Store D,Wholesale,0.05,Bob," $8,298.63 ",Debit Card,FREESHIP,1,REG100675,Cust 8696, $47.77 ,30/06/2023,05/07/2023,Wendy,Jun," $8,250.86 ", $436.77 
15/02/2023,West,Printer,19, $414.31 ,Store A,Retail,0.1,Eva," $7,084.70 ",Credit Card,SAVE10,0,REG100676,Cust 1944, $17.43 ,15/02/2023,19/02/2023,Wendy,Feb," $7,067.27 ", $787.19 
23/01/2024,North,Printer,8, $50.72 ,Store A,Wholesale,0.05,Carlos, $385.47 ,Debit Card,,0,REG100677,Cust 7780, $12.35 ,23/01/2024,30/01/2024,Ryan,Jan, $373.12 , $20.29 
31/10/2024,North,Tablet,17, $83.26 ,Store A,Wholesale,0.15,Eva," $1,203.11 ",Cash,SAVE10,0,REG100678,Cust 8055, $42.68 ,31/10/2024,06/11/2024,Ryan,Oct," $1,160.43 ", $212.31 
19/12/2023,Central,Desk,20, $51.85 ,Store C,Wholesale,0.15,Carlos, $881.45 ,Cash,,0,REG100679,Cust 4707, $33.16 ,19/12/2023,21/12/2023,Cameron,Dec, $848.29 , $155.55 
04/07/2023,South,Tablet,12, $122.51 ,Store B,Wholesale,0.05,Diana," $1,396.61 ",Gift Card,WINTER15,0,REG100680,Cust 8088, $43.47 ,04/07/2023,06/07/2023,Sophie,Jul," $1,353.14 ", $73.51 
16/05/2024,East,Laptop,11, $222.13 ,Store D,Wholesale,0.15,Eva," $2,076.92 ",Cash,WINTER15,1,REG100681,Cust 7806, $9.88 ,16/05/2024,18/05/2024,Eric,May," $2,067.04 ", $366.51 
16/09/2023,North,Monitor,8, $204.84 ,Store C,Retail,0,Bob," $1,638.72 ",Cash,,0,REG100682,Cust 7033, $43.40 ,16/09/2023,21/09/2023,Ryan,Sep," $1,595.32 ", $-   
22/11/2024,East,Chair,3, $536.97 ,Store C,Wholesale,0,Carlos," $1,610.91 ",Debit Card,,0,REG100683,Cust 8372, $13.86 ,22/11/2024,01/12/2024,Eric,Nov," $1,597.05 ", $-   
13/04/2024,West,Chair,15, $553.01 ,Store A,Retail,0.1,Carlos," $7,465.64 ",Credit Card,SAVE10,1,REG100684,Cust 1935, $23.30 ,13/04/2024,21/04/2024,Wendy,Apr," $7,442.34 ", $829.52 
30/06/2024,South,Chair,20, $284.82 ,Store D,Retail,0.1,Alice," $5,126.76 ",Credit Card,WINTER15,1,REG100685,Cust 8417, $27.00 ,30/06/2024,06/07/2024,Sophie,Jun," $5,099.76 ", $569.64 
29/08/2024,North,Desk,18, $523.87 ,Store C,Retail,0.15,Diana," $8,015.21 ",Gift Card,WINTER15,0,REG100686,Cust 3370, $42.63 ,29/08/2024,02/09/2024,Ryan,Aug," $7,972.58 "," $1,414.45 "
26/12/2023,Central,Desk,3, $232.13 ,Store B,Retail,0.1,Diana, $626.75 ,Cash,,1,REG100687,Cust 3664, $46.65 ,26/12/2023,31/12/2023,Cameron,Dec, $580.10 , $69.64 
30/01/2025,North,Phone,17, $179.32 ,Store A,Retail,0.1,Bob," $2,743.60 ",Debit Card,SAVE10,1,REG100688,Cust 5760, $26.74 ,30/01/2025,06/02/2025,Ryan,Jan," $2,716.86 ", $304.84 
17/05/2023,South,Chair,1, $396.35 ,Store B,Retail,0.15,Frank, $336.90 ,Debit Card,SAVE10,1,REG100689,Cust 3037, $19.89 ,17/05/2023,25/05/2023,Sophie,May, $317.01 , $59.45 
27/01/2024,Central,Desk,17, $108.48 ,Store A,Wholesale,0.1,Carlos," $1,659.74 ",Online,,1,REG100690,Cust 9828, $48.90 ,27/01/2024,05/02/2024,Cameron,Jan," $1,610.84 ", $184.42 
26/05/2025,East,Printer,10, $149.67 ,Store D,Retail,0.1,Carlos," $1,347.03 ",Cash,FREESHIP,1,REG100691,Cust 5297, $49.67 ,26/05/2025,02/06/2025,Eric,May," $1,297.36 ", $149.67 
09/03/2025,North,Phone,1, $506.41 ,Store D,Wholesale,0,Bob, $506.41 ,Cash,,0,REG100692,Cust 6785, $17.90 ,09/03/2025,17/03/2025,Ryan,Mar, $488.51 , $-   
22/02/2024,West,Tablet,6, $345.90 ,Store B,Retail,0.15,Frank," $1,764.09 ",Credit Card,WINTER15,0,REG100693,Cust 1344, $30.58 ,22/02/2024,03/03/2024,Wendy,Feb," $1,733.51 ", $311.31 
03/02/2025,East,Tablet,15, $342.04 ,Store C,Retail,0.15,Diana," $4,361.01 ",Gift Card,WINTER15,0,REG100694,Cust 4023, $44.91 ,03/02/2025,08/02/2025,Eric,Feb," $4,316.10 ", $769.59 
09/01/2024,Central,Printer,11, $404.88 ,Store A,Wholesale,0.05,Alice," $4,231.00 ",Gift Card,SAVE10,0,REG100695,Cust 3721, $18.92 ,09/01/2024,16/01/2024,Cameron,Jan," $4,212.08 ", $222.68 
05/05/2025,North,Desk,9, $292.46 ,Store A,Wholesale,0.05,Carlos," $2,500.53 ",Credit Card,,0,REG100696,Cust 1486, $34.26 ,05/05/2025,14/05/2025,Ryan,May," $2,466.27 ", $131.61 
17/04/2023,Central,Desk,5, $547.53 ,Store A,Retail,0.1,Eva," $2,463.89 ",Debit Card,,0,REG100697,Cust 3958, $24.68 ,17/04/2023,21/04/2023,Cameron,Apr," $2,439.21 ", $273.77 
16/06/2024,South,Desk,12, $348.88 ,Store C,Wholesale,0,Alice," $4,186.56 ",Credit Card,SAVE10,0,REG100698,Cust 6914, $31.28 ,16/06/2024,21/06/2024,Sophie,Jun," $4,155.28 ", $-   
01/11/2024,South,Phone,15, $486.03 ,Store C,Wholesale,0,Alice," $7,290.45 ",Debit Card,WINTER15,0,REG100699,Cust 3287, $14.90 ,01/11/2024,04/11/2024,Sophie,Nov," $7,275.55 ", $-   
07/02/2025,East,Tablet,14, $159.09 ,Store C,Retail,0.15,Bob," $1,893.17 ",Debit Card,FREESHIP,0,REG100700,Cust 9072, $27.05 ,07/02/2025,10/02/2025,Eric,Feb," $1,866.12 ", $334.09 
24/11/2024,South,Monitor,12, $173.79 ,Store D,Retail,0.15,Eva," $1,772.66 ",Credit Card,,0,REG100701,Cust 3098, $21.23 ,24/11/2024,04/12/2024,Sophie,Nov," $1,751.43 ", $312.82 
23/04/2024,Central,Monitor,13, $439.75 ,Store A,Wholesale,0,Frank," $5,716.75 ",Online,,1,REG100702,Cust 7942, $12.23 ,23/04/2024,02/05/2024,Cameron,Apr," $5,704.52 ", $-   
24/06/2024,East,Laptop,9, $265.43 ,Store D,Wholesale,0.05,Eva," $2,269.43 ",Credit Card,FREESHIP,0,REG100703,Cust 4307, $40.18 ,24/06/2024,27/06/2024,Eric,Jun," $2,229.25 ", $119.44 
01/06/2025,West,Monitor,12, $290.28 ,Store B,Retail,0.1,Carlos," $3,135.02 ",Cash,FREESHIP,1,REG100704,Cust 4618, $5.55 ,01/06/2025,07/06/2025,Wendy,Jun," $3,129.47 ", $348.34 
12/03/2023,West,Tablet,6, $88.70 ,Store B,Wholesale,0,Carlos, $532.20 ,Gift Card,,0,REG100705,Cust 5322, $16.98 ,12/03/2023,14/03/2023,Wendy,Mar, $515.22 , $-   
11/11/2024,Central,Desk,2, $239.69 ,Store C,Retail,0,Diana, $479.38 ,Credit Card,WINTER15,0,REG100706,Cust 9873, $28.96 ,11/11/2024,19/11/2024,Cameron,Nov, $450.42 , $-   
17/10/2024,Central,Tablet,8, $39.79 ,Store C,Retail,0.1,Bob, $286.49 ,Credit Card,SAVE10,0,REG100707,Cust 3652, $46.16 ,17/10/2024,26/10/2024,Cameron,Oct, $240.33 , $31.83 
10/05/2023,East,Printer,18, $206.80 ,Store A,Retail,0.05,Frank," $3,536.28 ",Debit Card,FREESHIP,1,REG100708,Cust 5569, $39.25 ,10/05/2023,13/05/2023,Eric,May," $3,497.03 ", $186.12 
29/07/2023,East,Laptop,18, $175.81 ,Store C,Retail,0,Eva," $3,164.58 ",Gift Card,WINTER15,1,REG100709,Cust 5369, $26.97 ,29/07/2023,07/08/2023,Eric,Jul," $3,137.61 ", $-   
26/08/2023,Central,Phone,14, $547.36 ,Store C,Retail,0.15,Diana," $6,513.58 ",Online,FREESHIP,0,REG100710,Cust 9044, $25.24 ,26/08/2023,29/08/2023,Cameron,Aug," $6,488.34 "," $1,149.46 "
28/12/2023,East,Laptop,19, $374.80 ,Store A,Retail,0.05,Carlos," $6,765.14 ",Online,WINTER15,0,REG100711,Cust 1887, $41.67 ,28/12/2023,03/01/2024,Eric,Dec," $6,723.47 ", $356.06 
10/03/2025,North,Tablet,9, $507.74 ,Store D,Retail,0.15,Bob," $3,884.21 ",Cash,FREESHIP,1,REG100712,Cust 1559, $22.08 ,10/03/2025,17/03/2025,Ryan,Mar," $3,862.13 ", $685.45 
09/09/2023,Central,Desk,1, $223.56 ,Store B,Wholesale,0.15,Bob, $190.03 ,Credit Card,WINTER15,0,REG100713,Cust 1722, $37.84 ,09/09/2023,14/09/2023,Cameron,Sep, $152.19 , $33.53 
28/05/2023,North,Tablet,2, $294.27 ,Store C,Retail,0.1,Diana, $529.69 ,Gift Card,,0,REG100714,Cust 9029, $9.05 ,28/05/2023,01/06/2023,Ryan,May, $520.64 , $58.85 
21/05/2025,West,Monitor,1, $319.49 ,Store C,Wholesale,0.15,Diana, $271.57 ,Online,FREESHIP,1,REG100715,Cust 9555, $18.10 ,21/05/2025,31/05/2025,Wendy,May, $253.47 , $47.92 
30/09/2023,East,Laptop,14, $243.96 ,Store D,Wholesale,0.05,Diana," $3,244.67 ",Online,,1,REG100716,Cust 2484, $13.24 ,30/09/2023,04/10/2023,Eric,Sep," $3,231.43 ", $170.77 
08/10/2024,South,Laptop,6, $48.48 ,Store D,Retail,0.1,Diana, $261.79 ,Online,,0,REG100717,Cust 4763, $6.11 ,08/10/2024,13/10/2024,Sophie,Oct, $255.68 , $29.09 
14/04/2023,East,Laptop,20, $87.47 ,Store B,Retail,0,Carlos," $1,749.40 ",Online,WINTER15,0,REG100718,Cust 5016, $48.48 ,14/04/2023,23/04/2023,Eric,Apr," $1,700.92 ", $-   
05/03/2023,South,Monitor,17, $465.60 ,Store C,Retail,0.1,Bob," $7,123.68 ",Debit Card,SAVE10,0,REG100719,Cust 5528, $7.76 ,05/03/2023,10/03/2023,Sophie,Mar," $7,115.92 ", $791.52 
17/07/2024,North,Desk,17, $279.38 ,Store B,Wholesale,0.05,Frank," $4,511.99 ",Credit Card,WINTER15,0,REG100720,Cust 6922, $30.30 ,17/07/2024,20/07/2024,Ryan,Jul," $4,481.69 ", $237.47 
20/05/2024,North,Tablet,16, $427.68 ,Store A,Retail,0.1,Carlos," $6,158.59 ",Debit Card,,0,REG100721,Cust 4807, $18.72 ,20/05/2024,29/05/2024,Ryan,May," $6,139.87 ", $684.29 
06/05/2025,North,Laptop,15, $281.73 ,Store B,Wholesale,0.1,Bob," $3,803.36 ",Credit Card,WINTER15,0,REG100722,Cust 3368, $36.87 ,06/05/2025,10/05/2025,Ryan,May," $3,766.49 ", $422.60 
15/01/2023,North,Desk,15, $185.00 ,Store B,Wholesale,0,Alice," $2,775.00 ",Cash,FREESHIP,0,REG100723,Cust 2871, $29.31 ,15/01/2023,17/01/2023,Ryan,Jan," $2,745.69 ", $-   
09/01/2024,Central,Monitor,19, $380.82 ,Store D,Wholesale,0.1,Diana," $6,512.02 ",Credit Card,SAVE10,0,REG100724,Cust 6229, $48.73 ,09/01/2024,12/01/2024,Cameron,Jan," $6,463.29 ", $723.56 
12/07/2023,South,Chair,4, $444.87 ,Store B,Retail,0.15,Carlos," $1,512.56 ",Online,FREESHIP,0,REG100725,Cust 4560, $47.14 ,12/07/2023,21/07/2023,Sophie,Jul," $1,465.42 ", $266.92 
21/06/2025,East,Chair,7, $590.79 ,Store B,Retail,0.05,Eva," $3,928.75 ",Cash,FREESHIP,1,REG100726,Cust 7099, $41.39 ,21/06/2025,26/06/2025,Eric,Jun," $3,887.36 ", $206.78 
29/12/2024,North,Printer,5, $34.58 ,Store A,Retail,0.1,Frank, $155.61 ,Gift Card,WINTER15,0,REG100727,Cust 6333, $27.10 ,29/12/2024,02/01/2025,Ryan,Dec, $128.51 , $17.29 
23/05/2023,West,Tablet,9, $438.22 ,Store D,Retail,0.05,Bob," $3,746.78 ",Cash,,0,REG100728,Cust 4678, $22.73 ,23/05/2023,29/05/2023,Wendy,May," $3,724.05 ", $197.20 
03/04/2024,Central,Desk,5, $84.91 ,Store A,Retail,0.1,Carlos, $382.10 ,Cash,FREESHIP,1,REG100729,Cust 6657, $29.06 ,03/04/2024,09/04/2024,Cameron,Apr, $353.04 , $42.46 
17/01/2024,East,Laptop,7, $322.11 ,Store C,Wholesale,0.1,Diana," $2,029.29 ",Debit Card,SAVE10,0,REG100730,Cust 1267, $19.91 ,17/01/2024,27/01/2024,Eric,Jan," $2,009.38 ", $225.48 
05/04/2025,Central,Monitor,2, $231.96 ,Store B,Retail,0.1,Alice, $417.53 ,Debit Card,,1,REG100731,Cust 8150, $32.66 ,05/04/2025,14/04/2025,Cameron,Apr, $384.87 , $46.39 
17/04/2025,Central,Chair,15, $242.07 ,Store A,Wholesale,0.15,Bob," $3,086.39 ",Credit Card,,0,REG100732,Cust 3668, $19.18 ,17/04/2025,23/04/2025,Cameron,Apr," $3,067.21 ", $544.66 
12/10/2024,Central,Laptop,2, $48.02 ,Store C,Retail,0.05,Carlos, $91.24 ,Debit Card,FREESHIP,1,REG100733,Cust 4803, $25.81 ,12/10/2024,15/10/2024,Cameron,Oct, $65.43 , $4.80 
27/07/2024,Central,Chair,1, $534.28 ,Store D,Wholesale,0.1,Eva, $480.85 ,Online,FREESHIP,0,REG100734,Cust 8633, $31.30 ,27/07/2024,01/08/2024,Cameron,Jul, $449.55 , $53.43 
10/01/2025,West,Tablet,3, $98.15 ,Store D,Wholesale,0.15,Diana, $250.28 ,Debit Card,SAVE10,0,REG100735,Cust 7235, $46.37 ,10/01/2025,18/01/2025,Wendy,Jan, $203.91 , $44.17 
25/07/2024,South,Chair,12, $61.85 ,Store D,Wholesale,0.05,Alice, $705.09 ,Credit Card,,1,REG100736,Cust 8992, $24.34 ,25/07/2024,31/07/2024,Sophie,Jul, $680.75 , $37.11 
22/05/2024,West,Tablet,6, $268.34 ,Store A,Wholesale,0.1,Diana," $1,449.04 ",Debit Card,WINTER15,1,REG100737,Cust 1889, $35.69 ,22/05/2024,25/05/2024,Wendy,May," $1,413.35 ", $161.00 
10/08/2024,Central,Desk,4, $529.03 ,Store B,Wholesale,0.05,Carlos," $2,010.31 ",Online,SAVE10,0,REG100738,Cust 5411, $25.96 ,10/08/2024,20/08/2024,Cameron,Aug," $1,984.35 ", $105.81 
27/04/2023,West,Tablet,2, $107.32 ,Store B,Retail,0.05,Alice, $203.91 ,Credit Card,,0,REG100739,Cust 3411, $47.33 ,27/04/2023,29/04/2023,Wendy,Apr, $156.58 , $10.73 
21/06/2023,South,Tablet,1, $500.96 ,Store C,Wholesale,0.05,Frank, $475.91 ,Online,WINTER15,0,REG100740,Cust 7449, $42.10 ,21/06/2023,25/06/2023,Sophie,Jun, $433.81 , $25.05 
11/10/2024,West,Printer,17, $549.78 ,Store B,Wholesale,0.05,Alice," $8,878.95 ",Credit Card,,1,REG100741,Cust 4788, $44.42 ,11/10/2024,14/10/2024,Wendy,Oct," $8,834.53 ", $467.31 
26/01/2025,North,Laptop,3, $58.51 ,Store A,Retail,0.05,Carlos, $166.75 ,Cash,WINTER15,0,REG100742,Cust 3564, $23.57 ,26/01/2025,30/01/2025,Ryan,Jan, $143.18 , $8.78 
18/06/2024,South,Chair,17, $504.08 ,Store A,Wholesale,0.1,Diana," $7,712.42 ",Online,SAVE10,0,REG100743,Cust 8018, $26.47 ,18/06/2024,26/06/2024,Sophie,Jun," $7,685.95 ", $856.94 
18/06/2025,East,Monitor,17, $419.63 ,Store D,Wholesale,0,Alice," $7,133.71 ",Cash,SAVE10,0,REG100744,Cust 3045, $17.40 ,18/06/2025,24/06/2025,Eric,Jun," $7,116.31 ", $-   
29/10/2024,South,Laptop,2, $267.36 ,Store B,Wholesale,0.05,Frank, $507.98 ,Online,,0,REG100745,Cust 7020, $21.36 ,29/10/2024,07/11/2024,Sophie,Oct, $486.62 , $26.74 
08/04/2025,Central,Phone,2, $298.06 ,Store B,Wholesale,0,Alice, $596.12 ,Debit Card,SAVE10,1,REG100746,Cust 1905, $35.37 ,08/04/2025,14/04/2025,Cameron,Apr, $560.75 , $-   
31/01/2023,Central,Tablet,13, $132.97 ,Store B,Wholesale,0.05,Frank," $1,642.18 ",Debit Card,WINTER15,0,REG100747,Cust 4592, $42.87 ,31/01/2023,05/02/2023,Cameron,Jan," $1,599.31 ", $86.43 
15/03/2024,West,Chair,14, $476.28 ,Store A,Wholesale,0.1,Eva," $6,001.13 ",Credit Card,FREESHIP,0,REG100748,Cust 5482, $22.11 ,15/03/2024,20/03/2024,Wendy,Mar," $5,979.02 ", $666.79 
23/06/2023,North,Tablet,16, $294.88 ,Store B,Retail,0.05,Frank," $4,482.18 ",Cash,,1,REG100749,Cust 1947, $17.19 ,23/06/2023,27/06/2023,Ryan,Jun," $4,464.99 ", $235.90 
14/06/2024,North,Monitor,19, $596.03 ,Store C,Retail,0.15,Eva," $9,625.88 ",Debit Card,,0,REG100750,Cust 2801, $31.95 ,14/06/2024,23/06/2024,Ryan,Jun," $9,593.93 "," $1,698.69 "
30/11/2023,West,Desk,6, $182.40 ,Store B,Wholesale,0,Alice," $1,094.40 ",Online,FREESHIP,1,REG100751,Cust 8206, $49.49 ,30/11/2023,09/12/2023,Wendy,Nov," $1,044.91 ", $-   
21/04/2024,North,Laptop,10, $400.95 ,Store C,Retail,0.05,Carlos," $3,809.03 ",Online,,0,REG100752,Cust 5277, $17.46 ,21/04/2024,30/04/2024,Ryan,Apr," $3,791.57 ", $200.48 
06/08/2023,East,Desk,7, $373.66 ,Store B,Retail,0.05,Alice," $2,484.84 ",Gift Card,SAVE10,0,REG100753,Cust 8900, $46.33 ,06/08/2023,12/08/2023,Eric,Aug," $2,438.51 ", $130.78 
21/06/2024,West,Desk,7, $355.66 ,Store C,Retail,0.15,Carlos," $2,116.18 ",Gift Card,FREESHIP,1,REG100754,Cust 9387, $28.77 ,21/06/2024,27/06/2024,Wendy,Jun," $2,087.41 ", $373.44 
16/03/2025,North,Tablet,12, $260.31 ,Store C,Retail,0.1,Bob," $2,811.35 ",Cash,SAVE10,0,REG100755,Cust 7013, $14.58 ,16/03/2025,24/03/2025,Ryan,Mar," $2,796.77 ", $312.37 
20/04/2024,West,Tablet,10, $370.99 ,Store B,Retail,0.15,Frank," $3,153.42 ",Online,SAVE10,1,REG100756,Cust 4868, $11.16 ,20/04/2024,25/04/2024,Wendy,Apr," $3,142.26 ", $556.49 
20/12/2024,East,Laptop,2, $548.72 ,Store A,Wholesale,0.1,Frank, $987.70 ,Credit Card,FREESHIP,1,REG100757,Cust 5239, $26.35 ,20/12/2024,29/12/2024,Eric,Dec, $961.35 , $109.74 
22/08/2023,North,Printer,8, $343.53 ,Store A,Wholesale,0,Frank," $2,748.24 ",Cash,,0,REG100758,Cust 4703, $16.10 ,22/08/2023,01/09/2023,Ryan,Aug," $2,732.14 ", $-   
04/03/2023,North,Tablet,13, $494.78 ,Store A,Wholesale,0.15,Diana," $5,467.32 ",Cash,FREESHIP,0,REG100759,Cust 7224, $5.85 ,04/03/2023,13/03/2023,Ryan,Mar," $5,461.47 ", $964.82 
24/06/2024,North,Laptop,9, $36.62 ,Store B,Wholesale,0.1,Eva, $296.62 ,Debit Card,FREESHIP,1,REG100760,Cust 4751, $29.90 ,24/06/2024,01/07/2024,Ryan,Jun, $266.72 , $32.96 
09/12/2024,East,Tablet,14, $216.20 ,Store C,Wholesale,0,Diana," $3,026.80 ",Online,WINTER15,0,REG100761,Cust 1201, $14.39 ,09/12/2024,13/12/2024,Eric,Dec," $3,012.41 ", $-   
04/07/2024,West,Laptop,11, $128.99 ,Store A,Retail,0.05,Diana," $1,347.95 ",Debit Card,SAVE10,0,REG100762,Cust 9584, $38.58 ,04/07/2024,07/07/2024,Wendy,Jul," $1,309.37 ", $70.94 
04/03/2025,East,Phone,11, $183.11 ,Store B,Retail,0.15,Frank," $1,712.08 ",Gift Card,FREESHIP,0,REG100763,Cust 6980, $41.83 ,04/03/2025,06/03/2025,Eric,Mar," $1,670.25 ", $302.13 
22/01/2024,East,Printer,11, $277.95 ,Store A,Retail,0.05,Frank," $2,904.58 ",Gift Card,WINTER15,0,REG100764,Cust 2835, $44.04 ,22/01/2024,29/01/2024,Eric,Jan," $2,860.54 ", $152.87 
12/03/2025,East,Desk,14, $554.08 ,Store A,Retail,0.05,Diana," $7,369.26 ",Cash,,0,REG100765,Cust 4286, $36.72 ,12/03/2025,21/03/2025,Eric,Mar," $7,332.54 ", $387.86 
28/02/2025,Central,Phone,15, $23.32 ,Store A,Retail,0.05,Carlos, $332.31 ,Debit Card,,0,REG100766,Cust 7876, $25.27 ,28/02/2025,03/03/2025,Cameron,Feb, $307.04 , $17.49 
23/05/2024,East,Desk,4, $20.96 ,Store D,Wholesale,0.05,Bob, $79.65 ,Online,FREESHIP,1,REG100767,Cust 5926, $33.67 ,23/05/2024,31/05/2024,Eric,May, $45.98 , $4.19 
17/09/2023,North,Desk,18, $132.29 ,Store A,Wholesale,0.05,Diana," $2,262.16 ",Credit Card,,1,REG100768,Cust 4478, $24.30 ,17/09/2023,20/09/2023,Ryan,Sep," $2,237.86 ", $119.06 
13/06/2023,East,Phone,19, $199.65 ,Store A,Retail,0.1,Carlos," $3,414.02 ",Cash,SAVE10,1,REG100769,Cust 4711, $35.12 ,13/06/2023,18/06/2023,Eric,Jun," $3,378.90 ", $379.34 
31/05/2025,West,Phone,16, $307.00 ,Store A,Wholesale,0,Bob," $4,912.00 ",Debit Card,FREESHIP,0,REG100770,Cust 9227, $11.99 ,31/05/2025,02/06/2025,Wendy,May," $4,900.01 ", $-   
11/10/2023,East,Tablet,1, $315.93 ,Store C,Retail,0.15,Alice, $268.54 ,Credit Card,SAVE10,0,REG100771,Cust 2830, $43.20 ,11/10/2023,14/10/2023,Eric,Oct, $225.34 , $47.39 
07/08/2023,West,Printer,5, $596.97 ,Store A,Retail,0,Eva," $2,984.85 ",Cash,SAVE10,0,REG100772,Cust 3767, $14.43 ,07/08/2023,14/08/2023,Wendy,Aug," $2,970.42 ", $-   
03/12/2023,North,Laptop,17, $376.98 ,Store A,Retail,0.05,Carlos," $6,088.23 ",Debit Card,,1,REG100773,Cust 1561, $38.48 ,03/12/2023,05/12/2023,Ryan,Dec," $6,049.75 ", $320.43 
01/08/2024,Central,Printer,6, $208.64 ,Store D,Retail,0.1,Frank," $1,126.66 ",Credit Card,FREESHIP,0,REG100774,Cust 8569, $49.93 ,01/08/2024,04/08/2024,Cameron,Aug," $1,076.73 ", $125.18 
20/03/2023,East,Chair,7, $307.82 ,Store B,Wholesale,0,Eva," $2,154.74 ",Debit Card,WINTER15,1,REG100775,Cust 1254, $14.00 ,20/03/2023,27/03/2023,Eric,Mar," $2,140.74 ", $-   
30/06/2025,Central,Tablet,13, $382.48 ,Store D,Retail,0.05,Eva," $4,723.63 ",Credit Card,WINTER15,0,REG100776,Cust 8556, $7.59 ,30/06/2025,04/07/2025,Cameron,Jun," $4,716.04 ", $248.61 
05/02/2025,South,Desk,9, $188.03 ,Store B,Retail,0,Frank," $1,692.27 ",Cash,FREESHIP,0,REG100777,Cust 7204, $11.44 ,05/02/2025,07/02/2025,Sophie,Feb," $1,680.83 ", $-   
19/05/2024,East,Desk,17, $238.17 ,Store D,Wholesale,0.15,Frank," $3,441.56 ",Cash,FREESHIP,0,REG100778,Cust 7725, $21.64 ,19/05/2024,29/05/2024,Eric,May," $3,419.92 ", $607.33 
04/03/2023,North,Printer,10, $450.71 ,Store B,Retail,0.1,Bob," $4,056.39 ",Gift Card,SAVE10,0,REG100779,Cust 9210, $21.31 ,04/03/2023,12/03/2023,Ryan,Mar," $4,035.08 ", $450.71 
22/01/2023,Central,Monitor,2, $413.36 ,Store D,Retail,0.1,Alice, $744.05 ,Online,SAVE10,1,REG100780,Cust 9085, $41.69 ,22/01/2023,24/01/2023,Cameron,Jan, $702.36 , $82.67 
20/03/2023,South,Phone,20, $536.71 ,Store B,Retail,0.15,Carlos," $9,124.07 ",Debit Card,SAVE10,0,REG100781,Cust 4937, $41.42 ,20/03/2023,25/03/2023,Sophie,Mar," $9,082.65 "," $1,610.13 "
05/06/2024,West,Phone,5, $206.42 ,Store D,Retail,0.05,Alice, $980.50 ,Debit Card,WINTER15,0,REG100782,Cust 3606, $35.51 ,05/06/2024,13/06/2024,Wendy,Jun, $944.99 , $51.61 
09/07/2024,East,Printer,4, $256.83 ,Store A,Wholesale,0.15,Carlos, $873.22 ,Cash,,1,REG100783,Cust 5865, $44.72 ,09/07/2024,17/07/2024,Eric,Jul, $828.50 , $154.10 
08/03/2025,South,Monitor,1, $247.04 ,Store C,Wholesale,0,Bob, $247.04 ,Credit Card,FREESHIP,0,REG100784,Cust 7195, $26.86 ,08/03/2025,13/03/2025,Sophie,Mar, $220.18 , $-   
21/06/2025,South,Tablet,3, $583.38 ,Store B,Retail,0.15,Diana," $1,487.62 ",Cash,WINTER15,1,REG100785,Cust 6113, $30.12 ,21/06/2025,30/06/2025,Sophie,Jun," $1,457.50 ", $262.52 
28/06/2025,North,Tablet,13, $341.38 ,Store C,Retail,0.15,Alice," $3,772.25 ",Cash,,0,REG100786,Cust 9878, $18.20 ,28/06/2025,01/07/2025,Ryan,Jun," $3,754.05 ", $665.69 
05/04/2025,West,Chair,19, $267.03 ,Store D,Wholesale,0.15,Bob," $4,312.53 ",Online,SAVE10,1,REG100787,Cust 3936, $35.82 ,05/04/2025,13/04/2025,Wendy,Apr," $4,276.71 ", $761.04 
05/03/2024,South,Printer,7, $77.69 ,Store D,Wholesale,0,Carlos, $543.83 ,Credit Card,SAVE10,0,REG100788,Cust 3937, $41.89 ,05/03/2024,12/03/2024,Sophie,Mar, $501.94 , $-   
09/03/2024,East,Phone,20, $312.43 ,Store C,Retail,0,Carlos," $6,248.60 ",Credit Card,SAVE10,0,REG100789,Cust 5262, $28.11 ,09/03/2024,11/03/2024,Eric,Mar," $6,220.49 ", $-   
25/02/2025,Central,Monitor,19, $14.10 ,Store C,Wholesale,0.05,Carlos, $254.51 ,Cash,FREESHIP,0,REG100790,Cust 3892, $37.84 ,25/02/2025,28/02/2025,Cameron,Feb, $216.67 , $13.40 
16/11/2024,West,Tablet,17, $266.83 ,Store D,Retail,0.05,Frank," $4,309.30 ",Credit Card,WINTER15,0,REG100791,Cust 8826, $32.52 ,16/11/2024,23/11/2024,Wendy,Nov," $4,276.78 ", $226.81 
01/08/2024,South,Printer,20, $248.11 ,Store D,Wholesale,0.05,Carlos," $4,714.09 ",Online,SAVE10,0,REG100792,Cust 1119, $22.96 ,01/08/2024,06/08/2024,Sophie,Aug," $4,691.13 ", $248.11 
20/04/2024,West,Chair,5, $316.76 ,Store B,Retail,0.05,Alice," $1,504.61 ",Gift Card,FREESHIP,1,REG100793,Cust 2685, $12.70 ,20/04/2024,30/04/2024,Wendy,Apr," $1,491.91 ", $79.19 
20/04/2024,South,Laptop,2, $169.62 ,Store C,Retail,0.1,Alice, $305.32 ,Debit Card,,0,REG100794,Cust 5939, $45.41 ,20/04/2024,25/04/2024,Sophie,Apr, $259.91 , $33.92 
22/09/2023,North,Laptop,19, $35.38 ,Store A,Retail,0.15,Diana, $571.39 ,Online,SAVE10,0,REG100795,Cust 1791, $7.06 ,22/09/2023,28/09/2023,Ryan,Sep, $564.33 , $100.83 
21/02/2025,West,Chair,3, $264.08 ,Store A,Retail,0.1,Diana, $713.02 ,Online,,0,REG100796,Cust 8530, $25.39 ,21/02/2025,02/03/2025,Wendy,Feb, $687.63 , $79.22 
24/06/2025,East,Tablet,5, $137.56 ,Store C,Wholesale,0.15,Diana, $584.63 ,Debit Card,SAVE10,0,REG100797,Cust 4522, $6.45 ,24/06/2025,01/07/2025,Eric,Jun, $578.18 , $103.17 
28/11/2023,Central,Laptop,8, $157.93 ,Store B,Retail,0.15,Diana," $1,073.92 ",Online,SAVE10,0,REG100798,Cust 9619, $6.31 ,28/11/2023,05/12/2023,Cameron,Nov," $1,067.61 ", $189.52 
08/04/2024,North,Desk,6, $126.86 ,Store C,Wholesale,0.05,Eva, $723.10 ,Debit Card,FREESHIP,0,REG100799,Cust 1637, $35.49 ,08/04/2024,17/04/2024,Ryan,Apr, $687.61 , $38.06 
07/01/2025,North,Chair,15, $240.05 ,Store C,Retail,0.05,Carlos," $3,420.71 ",Credit Card,FREESHIP,0,REG100800,Cust 6914, $14.31 ,07/01/2025,14/01/2025,Ryan,Jan," $3,406.40 ", $180.04 
24/02/2023,South,Tablet,3, $37.63 ,Store A,Wholesale,0.1,Carlos, $101.60 ,Debit Card,FREESHIP,0,REG100801,Cust 5737, $43.70 ,24/02/2023,03/03/2023,Sophie,Feb, $57.90 , $11.29 
19/10/2023,East,Chair,13, $393.10 ,Store B,Wholesale,0.1,Alice," $4,599.27 ",Online,,0,REG100802,Cust 5301, $12.64 ,19/10/2023,26/10/2023,Eric,Oct," $4,586.63 ", $511.03 
17/06/2024,North,Chair,10, $83.86 ,Store A,Wholesale,0.15,Alice, $712.81 ,Credit Card,,0,REG100803,Cust 2524, $41.11 ,17/06/2024,21/06/2024,Ryan,Jun, $671.70 , $125.79 
21/06/2023,Central,Desk,10, $110.07 ,Store B,Wholesale,0,Frank," $1,100.70 ",Credit Card,,0,REG100804,Cust 8480, $18.47 ,21/06/2023,29/06/2023,Cameron,Jun," $1,082.23 ", $-   
30/08/2024,East,Phone,6, $288.98 ,Store C,Wholesale,0.15,Diana," $1,473.80 ",Gift Card,,0,REG100805,Cust 2595, $38.63 ,30/08/2024,02/09/2024,Eric,Aug," $1,435.17 ", $260.08 
03/01/2025,Central,Desk,10, $451.14 ,Store A,Retail,0,Bob," $4,511.40 ",Gift Card,FREESHIP,0,REG100806,Cust 7132, $29.96 ,03/01/2025,13/01/2025,Cameron,Jan," $4,481.44 ", $-   
23/02/2023,West,Printer,16, $509.08 ,Store C,Wholesale,0,Carlos," $8,145.28 ",Online,FREESHIP,0,REG100807,Cust 4240, $37.53 ,23/02/2023,02/03/2023,Wendy,Feb," $8,107.75 ", $-   
26/04/2025,Central,Printer,4, $582.73 ,Store D,Wholesale,0.05,Carlos," $2,214.37 ",Cash,WINTER15,0,REG100808,Cust 4644, $44.26 ,26/04/2025,29/04/2025,Cameron,Apr," $2,170.11 ", $116.55 
08/06/2023,South,Phone,9, $115.24 ,Store B,Wholesale,0,Alice," $1,037.16 ",Credit Card,FREESHIP,0,REG100809,Cust 5133, $8.28 ,08/06/2023,14/06/2023,Sophie,Jun," $1,028.88 ", $-   
16/03/2023,North,Monitor,14, $565.45 ,Store D,Wholesale,0.1,Eva," $7,124.67 ",Online,WINTER15,0,REG100810,Cust 1731, $24.40 ,16/03/2023,25/03/2023,Ryan,Mar," $7,100.27 ", $791.63 
23/10/2024,North,Phone,11, $121.54 ,Store D,Wholesale,0,Carlos," $1,336.94 ",Credit Card,SAVE10,0,REG100811,Cust 3739, $16.62 ,23/10/2024,28/10/2024,Ryan,Oct," $1,320.32 ", $-   
23/05/2025,East,Printer,9, $160.15 ,Store D,Retail,0.1,Alice," $1,297.22 ",Debit Card,,1,REG100812,Cust 3853, $29.64 ,23/05/2025,28/05/2025,Eric,May," $1,267.58 ", $144.14 
06/05/2023,East,Desk,14, $175.66 ,Store B,Wholesale,0.05,Bob," $2,336.28 ",Cash,SAVE10,0,REG100813,Cust 6830, $26.12 ,06/05/2023,14/05/2023,Eric,May," $2,310.16 ", $122.96 
15/08/2024,South,Tablet,3, $437.97 ,Store C,Wholesale,0.05,Eva," $1,248.21 ",Cash,SAVE10,1,REG100814,Cust 5351, $23.29 ,15/08/2024,22/08/2024,Sophie,Aug," $1,224.92 ", $65.70 
23/08/2023,South,Printer,12, $411.59 ,Store B,Wholesale,0.15,Diana," $4,198.22 ",Cash,FREESHIP,0,REG100815,Cust 5845, $19.17 ,23/08/2023,31/08/2023,Sophie,Aug," $4,179.05 ", $740.86 
13/04/2025,South,Laptop,1, $163.29 ,Store B,Retail,0,Diana, $163.29 ,Credit Card,WINTER15,0,REG100816,Cust 7004, $21.15 ,13/04/2025,22/04/2025,Sophie,Apr, $142.14 , $-   
11/06/2024,Central,Desk,5, $538.52 ,Store B,Wholesale,0.05,Alice," $2,557.97 ",Gift Card,,0,REG100817,Cust 4095, $45.81 ,11/06/2024,17/06/2024,Cameron,Jun," $2,512.16 ", $134.63 
29/04/2024,South,Phone,11, $255.95 ,Store C,Wholesale,0.1,Alice," $2,533.91 ",Online,,0,REG100818,Cust 7833, $21.99 ,29/04/2024,04/05/2024,Sophie,Apr," $2,511.92 ", $281.55 
27/03/2023,South,Desk,7, $290.22 ,Store A,Retail,0.1,Alice," $1,828.39 ",Cash,WINTER15,0,REG100819,Cust 5826, $33.15 ,27/03/2023,04/04/2023,Sophie,Mar," $1,795.24 ", $203.15 
23/10/2024,North,Chair,20, $198.95 ,Store B,Retail,0.1,Diana," $3,581.10 ",Credit Card,,1,REG100820,Cust 9410, $5.16 ,23/10/2024,25/10/2024,Ryan,Oct," $3,575.94 ", $397.90 
21/06/2023,North,Printer,11, $577.10 ,Store C,Retail,0.15,Frank," $5,395.89 ",Cash,SAVE10,0,REG100821,Cust 9397, $13.16 ,21/06/2023,28/06/2023,Ryan,Jun," $5,382.73 ", $952.22 
12/05/2023,Central,Printer,10, $50.10 ,Store A,Wholesale,0.1,Bob, $450.90 ,Cash,FREESHIP,1,REG100822,Cust 6665, $23.43 ,12/05/2023,19/05/2023,Cameron,May, $427.47 , $50.10 
20/10/2024,Central,Printer,19, $554.50 ,Store B,Retail,0.15,Carlos," $8,955.18 ",Online,,1,REG100823,Cust 2590, $47.16 ,20/10/2024,24/10/2024,Cameron,Oct," $8,908.02 "," $1,580.33 "
04/04/2024,North,Laptop,14, $117.31 ,Store A,Wholesale,0,Diana," $1,642.34 ",Online,WINTER15,0,REG100824,Cust 4599, $41.24 ,04/04/2024,07/04/2024,Ryan,Apr," $1,601.10 ", $-   
12/01/2025,Central,Tablet,3, $193.98 ,Store A,Retail,0,Bob, $581.94 ,Credit Card,WINTER15,0,REG100825,Cust 7166, $27.53 ,12/01/2025,16/01/2025,Cameron,Jan, $554.41 , $-   
24/07/2023,South,Phone,20, $386.86 ,Store A,Wholesale,0.05,Carlos," $7,350.34 ",Online,WINTER15,0,REG100826,Cust 6177, $41.56 ,24/07/2023,29/07/2023,Sophie,Jul," $7,308.78 ", $386.86 
09/09/2023,North,Chair,12, $81.33 ,Store D,Wholesale,0,Carlos, $975.96 ,Cash,SAVE10,1,REG100827,Cust 6229, $30.73 ,09/09/2023,13/09/2023,Ryan,Sep, $945.23 , $-   
20/04/2024,East,Printer,5, $550.65 ,Store A,Retail,0.15,Bob," $2,340.26 ",Gift Card,,0,REG100828,Cust 2899, $16.82 ,20/04/2024,27/04/2024,Eric,Apr," $2,323.44 ", $412.99 
06/02/2025,West,Printer,4, $473.91 ,Store A,Retail,0.05,Eva," $1,800.86 ",Credit Card,SAVE10,0,REG100829,Cust 5322, $29.22 ,06/02/2025,14/02/2025,Wendy,Feb," $1,771.64 ", $94.78 
18/06/2023,West,Tablet,19, $25.22 ,Store C,Wholesale,0,Bob, $479.18 ,Credit Card,,0,REG100830,Cust 7063, $31.31 ,18/06/2023,22/06/2023,Wendy,Jun, $447.87 , $-   
01/11/2024,North,Phone,2, $437.04 ,Store C,Wholesale,0,Frank, $874.08 ,Credit Card,SAVE10,1,REG100831,Cust 7487, $37.37 ,01/11/2024,08/11/2024,Ryan,Nov, $836.71 , $-   
12/08/2024,West,Desk,5, $448.86 ,Store C,Wholesale,0.15,Frank," $1,907.66 ",Credit Card,SAVE10,1,REG100832,Cust 5481, $21.22 ,12/08/2024,21/08/2024,Wendy,Aug," $1,886.44 ", $336.65 
08/04/2025,Central,Phone,14, $299.94 ,Store D,Retail,0,Carlos," $4,199.16 ",Gift Card,FREESHIP,0,REG100833,Cust 3150, $21.04 ,08/04/2025,17/04/2025,Cameron,Apr," $4,178.12 ", $-   
20/07/2024,Central,Laptop,8, $224.18 ,Store B,Retail,0.15,Bob," $1,524.42 ",Debit Card,,0,REG100834,Cust 5099, $36.90 ,20/07/2024,26/07/2024,Cameron,Jul," $1,487.52 ", $269.02 
17/02/2023,West,Desk,6, $327.69 ,Store D,Wholesale,0.05,Diana," $1,867.83 ",Cash,,0,REG100835,Cust 6615, $22.34 ,17/02/2023,21/02/2023,Wendy,Feb," $1,845.49 ", $98.31 
02/07/2024,East,Phone,8, $432.27 ,Store D,Retail,0.05,Eva," $3,285.25 ",Cash,FREESHIP,1,REG100836,Cust 6924, $20.64 ,02/07/2024,04/07/2024,Eric,Jul," $3,264.61 ", $172.91 
01/04/2025,North,Monitor,4, $249.98 ,Store C,Retail,0.15,Eva, $849.93 ,Debit Card,SAVE10,0,REG100837,Cust 2411, $49.08 ,01/04/2025,04/04/2025,Ryan,Apr, $800.85 , $149.99 
02/06/2025,South,Printer,14, $194.31 ,Store C,Wholesale,0.15,Frank," $2,312.29 ",Debit Card,FREESHIP,0,REG100838,Cust 9648, $15.30 ,02/06/2025,09/06/2025,Sophie,Jun," $2,296.99 ", $408.05 
21/11/2024,West,Phone,5, $69.29 ,Store C,Wholesale,0,Carlos, $346.45 ,Credit Card,,0,REG100839,Cust 1974, $20.83 ,21/11/2024,29/11/2024,Wendy,Nov, $325.62 , $-   
10/01/2024,South,Printer,15, $306.91 ,Store A,Retail,0,Carlos," $4,603.65 ",Cash,FREESHIP,1,REG100840,Cust 9452, $19.38 ,10/01/2024,14/01/2024,Sophie,Jan," $4,584.27 ", $-   
21/10/2023,North,Desk,4, $390.30 ,Store A,Retail,0.15,Diana," $1,327.02 ",Debit Card,,0,REG100841,Cust 4558, $43.56 ,21/10/2023,26/10/2023,Ryan,Oct," $1,283.46 ", $234.18 
20/01/2025,North,Phone,7, $61.83 ,Store B,Retail,0,Diana, $432.81 ,Online,WINTER15,0,REG100842,Cust 8811, $25.49 ,20/01/2025,22/01/2025,Ryan,Jan, $407.32 , $-   
09/11/2024,West,Monitor,7, $83.32 ,Store D,Wholesale,0.05,Carlos, $554.08 ,Cash,FREESHIP,0,REG100843,Cust 7788, $23.40 ,09/11/2024,17/11/2024,Wendy,Nov, $530.68 , $29.16 
03/04/2024,West,Monitor,4, $563.06 ,Store D,Retail,0.05,Bob," $2,139.63 ",Cash,WINTER15,0,REG100844,Cust 2788, $19.50 ,03/04/2024,07/04/2024,Wendy,Apr," $2,120.13 ", $112.61 
06/01/2024,North,Phone,13, $256.35 ,Store D,Wholesale,0.15,Alice," $2,832.67 ",Cash,SAVE10,0,REG100845,Cust 6621, $26.04 ,06/01/2024,08/01/2024,Ryan,Jan," $2,806.63 ", $499.88 
02/08/2023,Central,Printer,9, $303.26 ,Store A,Wholesale,0.05,Diana," $2,592.87 ",Debit Card,FREESHIP,0,REG100846,Cust 8575, $17.01 ,02/08/2023,05/08/2023,Cameron,Aug," $2,575.86 ", $136.47 
26/11/2023,North,Chair,9, $440.48 ,Store A,Retail,0.15,Diana," $3,369.67 ",Gift Card,WINTER15,0,REG100847,Cust 8799, $32.94 ,26/11/2023,01/12/2023,Ryan,Nov," $3,336.73 ", $594.65 
20/04/2025,East,Desk,17, $469.25 ,Store B,Wholesale,0.05,Bob," $7,578.39 ",Credit Card,,0,REG100848,Cust 1699, $45.76 ,20/04/2025,26/04/2025,Eric,Apr," $7,532.63 ", $398.86 
29/12/2023,South,Chair,18, $491.76 ,Store A,Wholesale,0.15,Eva," $7,523.93 ",Credit Card,SAVE10,0,REG100849,Cust 5606, $37.49 ,29/12/2023,05/01/2024,Sophie,Dec," $7,486.44 "," $1,327.75 "
08/01/2025,Central,Chair,19, $465.27 ,Store C,Retail,0.05,Diana," $8,398.12 ",Credit Card,,0,REG100850,Cust 4933, $44.95 ,08/01/2025,10/01/2025,Cameron,Jan," $8,353.17 ", $442.01 
06/05/2024,East,Chair,18, $343.68 ,Store B,Retail,0,Eva," $6,186.24 ",Gift Card,SAVE10,0,REG100851,Cust 9517, $20.37 ,06/05/2024,14/05/2024,Eric,May," $6,165.87 ", $-   
15/09/2024,North,Desk,14, $472.51 ,Store D,Wholesale,0.05,Bob," $6,284.38 ",Gift Card,,0,REG100852,Cust 6740, $13.54 ,15/09/2024,20/09/2024,Ryan,Sep," $6,270.84 ", $330.76 
07/02/2023,West,Laptop,20, $142.52 ,Store A,Retail,0.1,Eva," $2,565.36 ",Cash,FREESHIP,0,REG100853,Cust 1301, $30.67 ,07/02/2023,12/02/2023,Wendy,Feb," $2,534.69 ", $285.04 
01/03/2023,East,Phone,1, $31.42 ,Store B,Retail,0.05,Bob, $29.85 ,Credit Card,SAVE10,0,REG100854,Cust 1736, $11.35 ,01/03/2023,09/03/2023,Eric,Mar, $18.50 , $1.57 
08/05/2024,North,Tablet,17, $572.29 ,Store D,Retail,0.15,Eva," $8,269.59 ",Online,SAVE10,1,REG100855,Cust 6864, $44.99 ,08/05/2024,12/05/2024,Ryan,May," $8,224.60 "," $1,459.34 "
06/06/2024,East,Desk,18, $333.60 ,Store A,Retail,0.1,Carlos," $5,404.32 ",Debit Card,FREESHIP,1,REG100856,Cust 5207, $33.79 ,06/06/2024,08/06/2024,Eric,Jun," $5,370.53 ", $600.48 
29/04/2023,North,Chair,9, $90.87 ,Store D,Retail,0.15,Carlos, $695.16 ,Debit Card,WINTER15,0,REG100857,Cust 6525, $26.56 ,29/04/2023,08/05/2023,Ryan,Apr, $668.60 , $122.67 
20/09/2023,Central,Tablet,9, $588.59 ,Store D,Wholesale,0.05,Diana," $5,032.44 ",Online,,0,REG100858,Cust 8298, $42.30 ,20/09/2023,22/09/2023,Cameron,Sep," $4,990.14 ", $264.87 
08/11/2024,South,Chair,18, $153.28 ,Store B,Retail,0.05,Frank," $2,621.09 ",Online,WINTER15,1,REG100859,Cust 8204, $33.71 ,08/11/2024,13/11/2024,Sophie,Nov," $2,587.38 ", $137.95 
22/03/2023,North,Printer,17, $194.97 ,Store A,Retail,0.15,Carlos," $2,817.32 ",Gift Card,SAVE10,1,REG100860,Cust 4035, $5.59 ,22/03/2023,30/03/2023,Ryan,Mar," $2,811.73 ", $497.17 
05/09/2023,East,Monitor,5, $367.61 ,Store C,Retail,0,Alice," $1,838.05 ",Credit Card,SAVE10,0,REG100861,Cust 1654, $19.55 ,05/09/2023,13/09/2023,Eric,Sep," $1,818.50 ", $-   
26/02/2023,East,Laptop,17, $575.50 ,Store D,Retail,0.05,Alice," $9,294.33 ",Debit Card,FREESHIP,0,REG100862,Cust 1823, $13.42 ,26/02/2023,05/03/2023,Eric,Feb," $9,280.91 ", $489.18 
26/11/2024,West,Chair,3, $229.45 ,Store D,Retail,0.15,Bob, $585.10 ,Debit Card,WINTER15,1,REG100863,Cust 1423, $19.81 ,26/11/2024,29/11/2024,Wendy,Nov, $565.29 , $103.25 
14/10/2024,Central,Chair,3, $391.63 ,Store C,Retail,0,Frank," $1,174.89 ",Debit Card,,1,REG100864,Cust 7282, $25.36 ,14/10/2024,17/10/2024,Cameron,Oct," $1,149.53 ", $-   
29/05/2023,Central,Laptop,15, $67.35 ,Store D,Wholesale,0.1,Diana, $909.23 ,Online,FREESHIP,0,REG100865,Cust 8437, $24.85 ,29/05/2023,03/06/2023,Cameron,May, $884.38 , $101.03 
22/03/2024,Central,Laptop,6, $453.86 ,Store B,Retail,0.15,Alice," $2,314.69 ",Credit Card,,0,REG100866,Cust 9508, $45.32 ,22/03/2024,31/03/2024,Cameron,Mar," $2,269.37 ", $408.47 
22/04/2023,South,Tablet,19, $537.70 ,Store D,Wholesale,0,Bob," $10,216.30 ",Online,SAVE10,0,REG100867,Cust 1186, $45.83 ,22/04/2023,02/05/2023,Sophie,Apr," $10,170.47 ", $-   
06/06/2025,North,Phone,5, $32.56 ,Store C,Retail,0.05,Diana, $154.66 ,Cash,FREESHIP,0,REG100868,Cust 4362, $46.73 ,06/06/2025,12/06/2025,Ryan,Jun, $107.93 , $8.14 
25/01/2023,Central,Laptop,2, $196.70 ,Store A,Retail,0,Frank, $393.40 ,Online,FREESHIP,0,REG100869,Cust 9388, $35.84 ,25/01/2023,29/01/2023,Cameron,Jan, $357.56 , $-   
08/09/2023,South,Phone,12, $369.45 ,Store D,Wholesale,0.1,Frank," $3,990.06 ",Credit Card,WINTER15,1,REG100870,Cust 4015, $44.76 ,08/09/2023,10/09/2023,Sophie,Sep," $3,945.30 ", $443.34 
04/10/2024,East,Tablet,12, $181.96 ,Store D,Retail,0.15,Eva," $1,855.99 ",Gift Card,WINTER15,0,REG100871,Cust 6428, $25.06 ,04/10/2024,11/10/2024,Eric,Oct," $1,830.93 ", $327.53 
06/04/2025,East,Desk,3, $32.07 ,Store D,Retail,0.15,Alice, $81.78 ,Online,WINTER15,1,REG100872,Cust 2570, $43.18 ,06/04/2025,08/04/2025,Eric,Apr, $38.60 , $14.43 
25/08/2024,East,Laptop,15, $39.93 ,Store A,Retail,0.15,Diana, $509.11 ,Debit Card,WINTER15,0,REG100873,Cust 5132, $33.44 ,25/08/2024,29/08/2024,Eric,Aug, $475.67 , $89.84 
06/03/2024,North,Phone,7, $374.43 ,Store A,Retail,0.15,Carlos," $2,227.86 ",Cash,SAVE10,0,REG100874,Cust 4929, $28.97 ,06/03/2024,12/03/2024,Ryan,Mar," $2,198.89 ", $393.15 
23/03/2023,East,Printer,2, $101.87 ,Store C,Wholesale,0,Diana, $203.74 ,Cash,FREESHIP,0,REG100875,Cust 4018, $28.63 ,23/03/2023,26/03/2023,Eric,Mar, $175.11 , $-   
13/01/2024,Central,Tablet,13, $343.45 ,Store D,Wholesale,0.05,Alice," $4,241.61 ",Gift Card,SAVE10,0,REG100876,Cust 8069, $27.26 ,13/01/2024,17/01/2024,Cameron,Jan," $4,214.35 ", $223.24 
18/07/2023,Central,Printer,15, $144.11 ,Store C,Retail,0,Frank," $2,161.65 ",Gift Card,,0,REG100877,Cust 6741, $28.51 ,18/07/2023,24/07/2023,Cameron,Jul," $2,133.14 ", $-   
23/02/2025,West,Chair,18, $403.68 ,Store A,Retail,0.15,Carlos," $6,176.30 ",Cash,FREESHIP,0,REG100878,Cust 8050, $13.09 ,23/02/2025,04/03/2025,Wendy,Feb," $6,163.21 "," $1,089.94 "
22/02/2023,East,Printer,14, $346.57 ,Store B,Retail,0.1,Carlos," $4,366.78 ",Debit Card,FREESHIP,0,REG100879,Cust 2434, $36.83 ,22/02/2023,02/03/2023,Eric,Feb," $4,329.95 ", $485.20 
18/10/2024,North,Printer,7, $392.79 ,Store C,Wholesale,0,Eva," $2,749.53 ",Gift Card,WINTER15,0,REG100880,Cust 9089, $45.85 ,18/10/2024,28/10/2024,Ryan,Oct," $2,703.68 ", $-   
26/10/2023,West,Printer,16, $70.83 ,Store B,Wholesale,0.05,Carlos," $1,076.62 ",Gift Card,,0,REG100881,Cust 1091, $5.05 ,26/10/2023,31/10/2023,Wendy,Oct," $1,071.57 ", $56.66 
10/01/2023,Central,Monitor,20, $274.37 ,Store B,Retail,0.1,Eva," $4,938.66 ",Gift Card,WINTER15,0,REG100882,Cust 6138, $12.28 ,10/01/2023,14/01/2023,Cameron,Jan," $4,926.38 ", $548.74 
19/03/2024,Central,Desk,10, $19.73 ,Store D,Retail,0.1,Carlos, $177.57 ,Debit Card,,0,REG100883,Cust 6326, $16.06 ,19/03/2024,22/03/2024,Cameron,Mar, $161.51 , $19.73 
20/12/2023,Central,Printer,10, $465.72 ,Store B,Wholesale,0.05,Alice," $4,424.34 ",Online,FREESHIP,0,REG100884,Cust 1327, $28.14 ,20/12/2023,26/12/2023,Cameron,Dec," $4,396.20 ", $232.86 
09/12/2024,Central,Monitor,19, $62.07 ,Store D,Retail,0.1,Diana," $1,061.40 ",Debit Card,FREESHIP,0,REG100885,Cust 8602, $14.85 ,09/12/2024,19/12/2024,Cameron,Dec," $1,046.55 ", $117.93 
10/05/2023,Central,Tablet,11, $529.20 ,Store A,Wholesale,0.05,Bob," $5,530.14 ",Credit Card,,1,REG100886,Cust 9131, $16.78 ,10/05/2023,20/05/2023,Cameron,May," $5,513.36 ", $291.06 
18/10/2023,South,Monitor,7, $387.31 ,Store A,Retail,0.1,Bob," $2,440.05 ",Cash,WINTER15,0,REG100887,Cust 6716, $14.76 ,18/10/2023,21/10/2023,Sophie,Oct," $2,425.29 ", $271.12 
03/12/2024,South,Phone,1, $152.75 ,Store A,Wholesale,0,Bob, $152.75 ,Credit Card,FREESHIP,1,REG100888,Cust 2071, $9.61 ,03/12/2024,06/12/2024,Sophie,Dec, $143.14 , $-   
10/10/2024,South,Chair,8, $72.48 ,Store A,Wholesale,0.1,Carlos, $521.86 ,Debit Card,,1,REG100889,Cust 4472, $26.92 ,10/10/2024,17/10/2024,Sophie,Oct, $494.94 , $57.98 
03/06/2024,East,Phone,4, $194.09 ,Store D,Wholesale,0.1,Eva, $698.72 ,Credit Card,WINTER15,0,REG100890,Cust 3899, $26.35 ,03/06/2024,07/06/2024,Eric,Jun, $672.37 , $77.64 
26/03/2025,South,Phone,3, $159.30 ,Store B,Wholesale,0.05,Eva, $454.01 ,Credit Card,SAVE10,1,REG100891,Cust 9467, $45.34 ,26/03/2025,29/03/2025,Sophie,Mar, $408.67 , $23.90 
26/04/2024,North,Monitor,4, $303.37 ,Store A,Retail,0.1,Carlos," $1,092.13 ",Gift Card,WINTER15,0,REG100892,Cust 3824, $30.19 ,26/04/2024,01/05/2024,Ryan,Apr," $1,061.94 ", $121.35 
05/05/2023,West,Chair,16, $541.96 ,Store C,Retail,0.1,Eva," $7,804.22 ",Cash,SAVE10,1,REG100893,Cust 3511, $9.93 ,05/05/2023,13/05/2023,Wendy,May," $7,794.29 ", $867.14 
23/09/2023,West,Desk,7, $41.57 ,Store D,Retail,0,Carlos, $290.99 ,Online,,0,REG100894,Cust 3356, $16.59 ,23/09/2023,29/09/2023,Wendy,Sep, $274.40 , $-   
08/03/2025,South,Monitor,16, $217.74 ,Store A,Wholesale,0.15,Frank," $2,961.26 ",Cash,FREESHIP,1,REG100895,Cust 2840, $25.11 ,08/03/2025,15/03/2025,Sophie,Mar," $2,936.15 ", $522.58 
17/01/2023,North,Printer,15, $19.17 ,Store A,Wholesale,0,Carlos, $287.55 ,Gift Card,FREESHIP,1,REG100896,Cust 3811, $48.93 ,17/01/2023,27/01/2023,Ryan,Jan, $238.62 , $-   
29/04/2023,Central,Monitor,15, $293.34 ,Store D,Retail,0.1,Eva," $3,960.09 ",Credit Card,WINTER15,0,REG100897,Cust 9960, $21.03 ,29/04/2023,01/05/2023,Cameron,Apr," $3,939.06 ", $440.01 
16/02/2025,South,Printer,18, $204.58 ,Store C,Retail,0.1,Diana," $3,314.20 ",Cash,,0,REG100898,Cust 5906, $16.04 ,16/02/2025,22/02/2025,Sophie,Feb," $3,298.16 ", $368.24 
05/06/2023,East,Printer,15, $324.58 ,Store A,Retail,0.15,Diana," $4,138.40 ",Debit Card,,0,REG100899,Cust 6579, $24.57 ,05/06/2023,09/06/2023,Eric,Jun," $4,113.83 ", $730.31 
28/08/2023,South,Phone,11, $393.61 ,Store D,Wholesale,0.05,Frank," $4,113.22 ",Debit Card,WINTER15,0,REG100900,Cust 1756, $32.57 ,28/08/2023,06/09/2023,Sophie,Aug," $4,080.65 ", $216.49 
01/08/2023,North,Printer,8, $141.28 ,Store D,Wholesale,0.05,Frank," $1,073.73 ",Online,FREESHIP,0,REG100901,Cust 8150, $28.69 ,01/08/2023,10/08/2023,Ryan,Aug," $1,045.04 ", $56.51 
12/02/2025,West,Phone,13, $227.64 ,Store C,Retail,0.15,Frank," $2,515.42 ",Cash,FREESHIP,1,REG100902,Cust 8999, $46.67 ,12/02/2025,20/02/2025,Wendy,Feb," $2,468.75 ", $443.90 
03/07/2023,Central,Laptop,19, $341.07 ,Store C,Retail,0.1,Carlos," $5,832.30 ",Cash,WINTER15,0,REG100903,Cust 4277, $47.75 ,03/07/2023,06/07/2023,Cameron,Jul," $5,784.55 ", $648.03 
09/05/2025,Central,Phone,20, $324.55 ,Store B,Wholesale,0.05,Eva," $6,166.45 ",Credit Card,WINTER15,1,REG100904,Cust 8751, $21.21 ,09/05/2025,13/05/2025,Cameron,May," $6,145.24 ", $324.55 
05/05/2024,West,Desk,16, $301.07 ,Store B,Retail,0.1,Carlos," $4,335.41 ",Gift Card,WINTER15,0,REG100905,Cust 2482, $5.58 ,05/05/2024,14/05/2024,Wendy,May," $4,329.83 ", $481.71 
08/01/2024,South,Monitor,13, $285.28 ,Store D,Retail,0,Eva," $3,708.64 ",Gift Card,SAVE10,0,REG100906,Cust 4078, $31.20 ,08/01/2024,15/01/2024,Sophie,Jan," $3,677.44 ", $-   
13/01/2025,South,Phone,15, $18.04 ,Store C,Wholesale,0,Eva, $270.60 ,Credit Card,SAVE10,1,REG100907,Cust 9091, $14.35 ,13/01/2025,17/01/2025,Sophie,Jan, $256.25 , $-   
12/06/2025,East,Printer,11, $495.44 ,Store A,Wholesale,0,Bob," $5,449.84 ",Gift Card,FREESHIP,0,REG100908,Cust 8706, $44.77 ,12/06/2025,18/06/2025,Eric,Jun," $5,405.07 ", $-   
03/04/2025,North,Laptop,12, $276.42 ,Store C,Retail,0.15,Carlos," $2,819.48 ",Online,,0,REG100909,Cust 5042, $30.57 ,03/04/2025,12/04/2025,Ryan,Apr," $2,788.91 ", $497.56 
26/01/2023,Central,Desk,7, $228.32 ,Store C,Wholesale,0.15,Eva," $1,358.50 ",Debit Card,FREESHIP,0,REG100910,Cust 3319, $22.16 ,26/01/2023,30/01/2023,Cameron,Jan," $1,336.34 ", $239.74 
07/01/2023,Central,Monitor,1, $498.19 ,Store A,Wholesale,0.1,Bob, $448.37 ,Gift Card,SAVE10,0,REG100911,Cust 4139, $25.55 ,07/01/2023,11/01/2023,Cameron,Jan, $422.82 , $49.82 
15/01/2025,North,Desk,18, $375.83 ,Store C,Retail,0.1,Carlos," $6,088.45 ",Gift Card,,0,REG100912,Cust 6993, $15.13 ,15/01/2025,23/01/2025,Ryan,Jan," $6,073.32 ", $676.49 
30/11/2024,East,Chair,18, $130.36 ,Store B,Wholesale,0,Diana," $2,346.48 ",Debit Card,SAVE10,0,REG100913,Cust 8397, $34.60 ,30/11/2024,05/12/2024,Eric,Nov," $2,311.88 ", $-   
26/02/2024,East,Monitor,13, $585.88 ,Store B,Retail,0.15,Carlos," $6,473.97 ",Credit Card,WINTER15,0,REG100914,Cust 3082, $42.18 ,26/02/2024,07/03/2024,Eric,Feb," $6,431.79 "," $1,142.47 "
11/06/2025,North,Desk,19, $278.04 ,Store B,Retail,0.05,Bob," $5,018.62 ",Credit Card,SAVE10,0,REG100915,Cust 1156, $16.40 ,11/06/2025,15/06/2025,Ryan,Jun," $5,002.22 ", $264.14 
29/11/2023,Central,Phone,11, $267.91 ,Store B,Retail,0,Eva," $2,947.01 ",Debit Card,,0,REG100916,Cust 4720, $12.05 ,29/11/2023,04/12/2023,Cameron,Nov," $2,934.96 ", $-   
27/06/2024,South,Chair,12, $369.54 ,Store B,Retail,0.05,Diana," $4,212.76 ",Debit Card,WINTER15,1,REG100917,Cust 7034, $39.16 ,27/06/2024,05/07/2024,Sophie,Jun," $4,173.60 ", $221.72 
20/05/2024,South,Monitor,13, $284.30 ,Store A,Wholesale,0.05,Bob," $3,511.11 ",Online,WINTER15,0,REG100918,Cust 7218, $48.73 ,20/05/2024,27/05/2024,Sophie,May," $3,462.38 ", $184.80 
17/06/2023,West,Chair,12, $427.10 ,Store C,Retail,0,Carlos," $5,125.20 ",Gift Card,WINTER15,1,REG100919,Cust 2651, $8.11 ,17/06/2023,22/06/2023,Wendy,Jun," $5,117.09 ", $-   
06/11/2024,East,Monitor,11, $200.30 ,Store D,Retail,0.1,Eva," $1,982.97 ",Debit Card,WINTER15,1,REG100920,Cust 1252, $48.27 ,06/11/2024,13/11/2024,Eric,Nov," $1,934.70 ", $220.33 
12/02/2025,North,Printer,4, $75.80 ,Store C,Retail,0.15,Carlos, $257.72 ,Credit Card,SAVE10,0,REG100921,Cust 6679, $12.22 ,12/02/2025,20/02/2025,Ryan,Feb, $245.50 , $45.48 
09/04/2025,North,Monitor,4, $518.43 ,Store A,Wholesale,0,Alice," $2,073.72 ",Online,SAVE10,0,REG100922,Cust 1656, $30.86 ,09/04/2025,14/04/2025,Ryan,Apr," $2,042.86 ", $-   
18/08/2024,North,Tablet,19, $181.18 ,Store A,Wholesale,0.05,Carlos," $3,270.30 ",Credit Card,FREESHIP,0,REG100923,Cust 9361, $12.04 ,18/08/2024,26/08/2024,Ryan,Aug," $3,258.26 ", $172.12 
20/02/2023,Central,Laptop,3, $197.17 ,Store A,Wholesale,0.05,Frank, $561.93 ,Gift Card,FREESHIP,1,REG100924,Cust 4270, $30.29 ,20/02/2023,23/02/2023,Cameron,Feb, $531.64 , $29.58 
28/04/2025,North,Laptop,6, $81.96 ,Store D,Wholesale,0.05,Diana, $467.17 ,Credit Card,WINTER15,0,REG100925,Cust 3049, $26.43 ,28/04/2025,08/05/2025,Ryan,Apr, $440.74 , $24.59 
10/08/2023,Central,Printer,3, $59.78 ,Store C,Retail,0,Eva, $179.34 ,Online,SAVE10,0,REG100926,Cust 6415, $46.98 ,10/08/2023,13/08/2023,Cameron,Aug, $132.36 , $-   
24/06/2024,North,Tablet,12, $211.66 ,Store A,Wholesale,0.1,Carlos," $2,285.93 ",Credit Card,SAVE10,0,REG100927,Cust 9856, $10.36 ,24/06/2024,29/06/2024,Ryan,Jun," $2,275.57 ", $253.99 
06/08/2023,Central,Printer,13, $69.97 ,Store A,Wholesale,0.05,Alice, $864.13 ,Debit Card,,0,REG100928,Cust 3106, $27.66 ,06/08/2023,12/08/2023,Cameron,Aug, $836.47 , $45.48 
26/11/2024,East,Tablet,7, $438.33 ,Store C,Retail,0.1,Frank," $2,761.48 ",Cash,,1,REG100929,Cust 3259, $11.57 ,26/11/2024,30/11/2024,Eric,Nov," $2,749.91 ", $306.83 
06/02/2025,East,Laptop,7, $241.81 ,Store C,Wholesale,0.1,Alice," $1,523.40 ",Debit Card,FREESHIP,0,REG100930,Cust 7107, $32.94 ,06/02/2025,10/02/2025,Eric,Feb," $1,490.46 ", $169.27 
20/03/2025,East,Desk,3, $466.64 ,Store A,Retail,0.15,Bob," $1,189.93 ",Online,FREESHIP,0,REG100931,Cust 7542, $30.33 ,20/03/2025,26/03/2025,Eric,Mar," $1,159.60 ", $209.99 
10/09/2024,South,Monitor,9, $472.84 ,Store D,Retail,0.05,Alice," $4,042.78 ",Credit Card,WINTER15,0,REG100932,Cust 6330, $48.13 ,10/09/2024,12/09/2024,Sophie,Sep," $3,994.65 ", $212.78 
20/02/2025,South,Chair,19, $586.49 ,Store A,Wholesale,0.1,Eva," $10,028.98 ",Cash,SAVE10,0,REG100933,Cust 1469, $19.85 ,20/02/2025,02/03/2025,Sophie,Feb," $10,009.13 "," $1,114.33 "
20/01/2023,East,Chair,15, $462.85 ,Store A,Retail,0.15,Diana," $5,901.34 ",Credit Card,,0,REG100934,Cust 3698, $46.12 ,20/01/2023,26/01/2023,Eric,Jan," $5,855.22 "," $1,041.41 "
03/03/2024,East,Laptop,1, $176.17 ,Store C,Retail,0.05,Alice, $167.36 ,Debit Card,,1,REG100935,Cust 9833, $35.77 ,03/03/2024,06/03/2024,Eric,Mar, $131.59 , $8.81 
27/11/2023,West,Printer,1, $71.24 ,Store A,Retail,0.1,Carlos, $64.12 ,Debit Card,,1,REG100936,Cust 1074, $43.69 ,27/11/2023,03/12/2023,Wendy,Nov, $20.43 , $7.12 
10/11/2024,East,Laptop,6, $62.43 ,Store A,Wholesale,0,Diana, $374.58 ,Gift Card,WINTER15,0,REG100937,Cust 7891, $17.85 ,10/11/2024,18/11/2024,Eric,Nov, $356.73 , $-   
04/02/2025,Central,Tablet,7, $569.89 ,Store D,Wholesale,0.1,Alice," $3,590.31 ",Cash,SAVE10,0,REG100938,Cust 3373, $26.81 ,04/02/2025,08/02/2025,Cameron,Feb," $3,563.50 ", $398.92 
21/02/2024,East,Desk,5, $34.06 ,Store D,Wholesale,0.05,Diana, $161.79 ,Gift Card,,0,REG100939,Cust 9045, $19.72 ,21/02/2024,02/03/2024,Eric,Feb, $142.07 , $8.52 
24/03/2023,East,Desk,17, $502.60 ,Store A,Wholesale,0.1,Frank," $7,689.78 ",Cash,,0,REG100940,Cust 9197, $15.38 ,24/03/2023,29/03/2023,Eric,Mar," $7,674.40 ", $854.42 
05/05/2024,South,Printer,3, $89.72 ,Store D,Wholesale,0.1,Alice, $242.24 ,Gift Card,WINTER15,0,REG100941,Cust 6920, $32.67 ,05/05/2024,13/05/2024,Sophie,May, $209.57 , $26.92 
04/10/2024,South,Laptop,18, $403.53 ,Store D,Wholesale,0.1,Alice," $6,537.19 ",Online,,0,REG100942,Cust 9652, $35.73 ,04/10/2024,07/10/2024,Sophie,Oct," $6,501.46 ", $726.35 
04/01/2025,South,Chair,2, $194.97 ,Store A,Retail,0,Diana, $389.94 ,Credit Card,SAVE10,0,REG100943,Cust 4189, $9.89 ,04/01/2025,14/01/2025,Sophie,Jan, $380.05 , $-   
23/12/2024,Central,Printer,12, $171.91 ,Store B,Retail,0.05,Eva," $1,959.77 ",Credit Card,WINTER15,0,REG100944,Cust 6267, $34.36 ,23/12/2024,02/01/2025,Cameron,Dec," $1,925.41 ", $103.15 
29/01/2023,Central,Laptop,17, $535.88 ,Store A,Wholesale,0.05,Bob," $8,654.46 ",Gift Card,,0,REG100945,Cust 7753, $26.12 ,29/01/2023,08/02/2023,Cameron,Jan," $8,628.34 ", $455.50 
11/08/2024,West,Chair,12, $248.13 ,Store A,Retail,0.05,Alice," $2,828.68 ",Cash,FREESHIP,0,REG100946,Cust 2789, $26.03 ,11/08/2024,17/08/2024,Wendy,Aug," $2,802.65 ", $148.88 
25/11/2023,North,Phone,2, $482.10 ,Store C,Retail,0,Carlos, $964.20 ,Online,FREESHIP,0,REG100947,Cust 3527, $45.35 ,25/11/2023,30/11/2023,Ryan,Nov, $918.85 , $-   
04/03/2025,North,Monitor,18, $382.01 ,Store D,Wholesale,0.1,Alice," $6,188.56 ",Online,SAVE10,0,REG100948,Cust 9538, $36.55 ,04/03/2025,08/03/2025,Ryan,Mar," $6,152.01 ", $687.62 
21/02/2025,North,Phone,13, $135.98 ,Store C,Wholesale,0,Frank," $1,767.74 ",Online,WINTER15,0,REG100949,Cust 7195, $28.35 ,21/02/2025,01/03/2025,Ryan,Feb," $1,739.39 ", $-   
26/02/2025,East,Desk,9, $562.54 ,Store A,Wholesale,0,Alice," $5,062.86 ",Credit Card,FREESHIP,0,REG100950,Cust 8929, $30.27 ,26/02/2025,28/02/2025,Eric,Feb," $5,032.59 ", $-   
29/03/2024,East,Monitor,6, $509.48 ,Store B,Wholesale,0,Alice," $3,056.88 ",Debit Card,WINTER15,0,REG100951,Cust 8931, $35.92 ,29/03/2024,06/04/2024,Eric,Mar," $3,020.96 ", $-   
28/05/2025,West,Desk,3, $470.09 ,Store B,Wholesale,0,Eva," $1,410.27 ",Gift Card,,0,REG100952,Cust 1424, $38.29 ,28/05/2025,01/06/2025,Wendy,May," $1,371.98 ", $-   
24/05/2024,West,Printer,10, $280.80 ,Store C,Retail,0,Alice," $2,808.00 ",Credit Card,SAVE10,0,REG100953,Cust 6723, $49.98 ,24/05/2024,30/05/2024,Wendy,May," $2,758.02 ", $-   
12/05/2023,South,Chair,9, $251.43 ,Store C,Retail,0.1,Frank," $2,036.58 ",Credit Card,,0,REG100954,Cust 8850, $22.57 ,12/05/2023,17/05/2023,Sophie,May," $2,014.01 ", $226.29 
11/10/2023,South,Phone,4, $408.28 ,Store A,Retail,0.15,Alice," $1,388.15 ",Cash,WINTER15,0,REG100955,Cust 1722, $5.38 ,11/10/2023,15/10/2023,Sophie,Oct," $1,382.77 ", $244.97 
25/01/2024,North,Printer,2, $27.43 ,Store B,Retail,0.15,Frank, $46.63 ,Online,WINTER15,0,REG100956,Cust 1211, $6.15 ,25/01/2024,01/02/2024,Ryan,Jan, $40.48 , $8.23 
03/02/2023,East,Phone,11, $321.72 ,Store A,Retail,0.1,Carlos," $3,185.03 ",Online,WINTER15,1,REG100957,Cust 9384, $17.94 ,03/02/2023,06/02/2023,Eric,Feb," $3,167.09 ", $353.89 
08/07/2024,North,Desk,5, $186.32 ,Store A,Wholesale,0.1,Carlos, $838.44 ,Gift Card,WINTER15,0,REG100958,Cust 3809, $17.09 ,08/07/2024,14/07/2024,Ryan,Jul, $821.35 , $93.16 
31/05/2025,South,Monitor,3, $390.28 ,Store B,Retail,0,Frank," $1,170.84 ",Online,WINTER15,1,REG100959,Cust 9338, $45.22 ,31/05/2025,10/06/2025,Sophie,May," $1,125.62 ", $-   
09/11/2023,South,Monitor,13, $174.90 ,Store A,Wholesale,0.15,Carlos," $1,932.65 ",Online,WINTER15,0,REG100960,Cust 1822, $31.26 ,09/11/2023,12/11/2023,Sophie,Nov," $1,901.39 ", $341.06 
06/07/2023,North,Chair,8, $419.13 ,Store A,Retail,0.1,Alice," $3,017.74 ",Online,,1,REG100961,Cust 8260, $11.02 ,06/07/2023,10/07/2023,Ryan,Jul," $3,006.72 ", $335.30 
14/07/2023,North,Chair,12, $116.96 ,Store D,Wholesale,0,Alice," $1,403.52 ",Gift Card,WINTER15,0,REG100962,Cust 7088, $22.04 ,14/07/2023,22/07/2023,Ryan,Jul," $1,381.48 ", $-   
13/11/2023,West,Chair,11, $323.72 ,Store A,Wholesale,0.1,Bob," $3,204.83 ",Gift Card,WINTER15,0,REG100963,Cust 4969, $7.52 ,13/11/2023,15/11/2023,Wendy,Nov," $3,197.31 ", $356.09 
02/02/2025,West,Tablet,11, $155.49 ,Store D,Retail,0.05,Frank," $1,624.87 ",Cash,,0,REG100964,Cust 9046, $47.01 ,02/02/2025,12/02/2025,Wendy,Feb," $1,577.86 ", $85.52 
06/05/2024,South,Printer,20, $270.20 ,Store A,Wholesale,0,Diana," $5,404.00 ",Credit Card,WINTER15,0,REG100965,Cust 6859, $6.80 ,06/05/2024,15/05/2024,Sophie,May," $5,397.20 ", $-   
17/10/2024,South,Printer,15, $482.08 ,Store D,Retail,0.1,Eva," $6,508.08 ",Debit Card,FREESHIP,1,REG100966,Cust 2800, $13.35 ,17/10/2024,19/10/2024,Sophie,Oct," $6,494.73 ", $723.12 
29/01/2025,North,Laptop,11, $431.51 ,Store C,Wholesale,0.1,Carlos," $4,271.95 ",Debit Card,SAVE10,0,REG100967,Cust 1146, $22.83 ,29/01/2025,05/02/2025,Ryan,Jan," $4,249.12 ", $474.66 
23/03/2025,Central,Chair,5, $302.76 ,Store D,Wholesale,0,Carlos," $1,513.80 ",Gift Card,FREESHIP,1,REG100968,Cust 6447, $46.69 ,23/03/2025,29/03/2025,Cameron,Mar," $1,467.11 ", $-   
11/04/2024,West,Chair,19, $344.92 ,Store C,Wholesale,0,Eva," $6,553.48 ",Cash,WINTER15,0,REG100969,Cust 8519, $6.91 ,11/04/2024,20/04/2024,Wendy,Apr," $6,546.57 ", $-   
03/05/2024,Central,Chair,7, $511.46 ,Store C,Retail,0.1,Eva," $3,222.20 ",Cash,FREESHIP,0,REG100970,Cust 3422, $19.20 ,03/05/2024,12/05/2024,Cameron,May," $3,203.00 ", $358.02 
14/10/2024,East,Monitor,7, $150.60 ,Store A,Wholesale,0.15,Bob, $896.07 ,Cash,WINTER15,1,REG100971,Cust 9638, $15.52 ,14/10/2024,21/10/2024,Eric,Oct, $880.55 , $158.13 
08/02/2024,West,Phone,8, $158.02 ,Store C,Wholesale,0.15,Diana," $1,074.54 ",Credit Card,FREESHIP,0,REG100972,Cust 6438, $47.43 ,08/02/2024,13/02/2024,Wendy,Feb," $1,027.11 ", $189.62 
10/05/2023,Central,Tablet,2, $536.18 ,Store B,Retail,0.1,Frank, $965.12 ,Credit Card,FREESHIP,0,REG100973,Cust 1724, $34.75 ,10/05/2023,13/05/2023,Cameron,May, $930.37 , $107.24 
03/03/2023,North,Chair,16, $571.26 ,Store C,Wholesale,0.15,Bob," $7,769.14 ",Gift Card,SAVE10,0,REG100974,Cust 7808, $6.13 ,03/03/2023,12/03/2023,Ryan,Mar," $7,763.01 "," $1,371.02 "
21/05/2025,Central,Tablet,12, $134.42 ,Store D,Retail,0.1,Diana," $1,451.74 ",Gift Card,FREESHIP,0,REG100975,Cust 3045, $33.98 ,21/05/2025,27/05/2025,Cameron,May," $1,417.76 ", $161.30 
30/04/2025,Central,Laptop,5, $563.70 ,Store A,Retail,0,Bob," $2,818.50 ",Online,SAVE10,0,REG100976,Cust 7348, $29.28 ,30/04/2025,07/05/2025,Cameron,Apr," $2,789.22 ", $-   
02/04/2023,North,Phone,11, $546.57 ,Store D,Retail,0.15,Bob," $5,110.43 ",Credit Card,SAVE10,1,REG100977,Cust 5666, $24.77 ,02/04/2023,04/04/2023,Ryan,Apr," $5,085.66 ", $901.84 
26/08/2024,North,Monitor,9, $364.88 ,Store C,Wholesale,0.05,Bob," $3,119.72 ",Cash,SAVE10,0,REG100978,Cust 4002, $40.26 ,26/08/2024,05/09/2024,Ryan,Aug," $3,079.46 ", $164.20 
10/11/2023,South,Monitor,7, $368.27 ,Store C,Wholesale,0.15,Carlos," $2,191.21 ",Online,WINTER15,0,REG100979,Cust 6675, $28.98 ,10/11/2023,20/11/2023,Sophie,Nov," $2,162.23 ", $386.68 
27/01/2025,Central,Printer,20, $537.28 ,Store C,Wholesale,0,Frank," $10,745.60 ",Online,,1,REG100980,Cust 5462, $15.60 ,27/01/2025,02/02/2025,Cameron,Jan," $10,730.00 ", $-   
26/04/2024,South,Phone,3, $103.09 ,Store D,Wholesale,0,Carlos, $309.27 ,Gift Card,SAVE10,1,REG100981,Cust 3471, $46.47 ,26/04/2024,30/04/2024,Sophie,Apr, $262.80 , $-   
27/11/2023,East,Tablet,9, $97.56 ,Store A,Wholesale,0,Alice, $878.04 ,Online,,0,REG100982,Cust 1603, $48.84 ,27/11/2023,01/12/2023,Eric,Nov, $829.20 , $-   
30/03/2023,Central,Tablet,10, $338.75 ,Store A,Wholesale,0.15,Carlos," $2,879.38 ",Cash,WINTER15,1,REG100983,Cust 7758, $36.56 ,30/03/2023,06/04/2023,Cameron,Mar," $2,842.82 ", $508.13 
04/03/2024,North,Desk,2, $239.04 ,Store A,Wholesale,0,Bob, $478.08 ,Debit Card,SAVE10,1,REG100984,Cust 3396, $43.84 ,04/03/2024,11/03/2024,Ryan,Mar, $434.24 , $-   
11/07/2023,South,Laptop,14, $362.44 ,Store C,Wholesale,0.1,Bob," $4,566.74 ",Cash,WINTER15,0,REG100985,Cust 4797, $36.73 ,11/07/2023,15/07/2023,Sophie,Jul," $4,530.01 ", $507.42 
20/09/2024,West,Monitor,6, $551.13 ,Store D,Retail,0,Carlos," $3,306.78 ",Gift Card,FREESHIP,0,REG100986,Cust 1113, $14.67 ,20/09/2024,29/09/2024,Wendy,Sep," $3,292.11 ", $-   
18/02/2025,West,Laptop,1, $82.06 ,Store D,Retail,0.1,Eva, $73.85 ,Credit Card,FREESHIP,0,REG100987,Cust 8843, $11.11 ,18/02/2025,24/02/2025,Wendy,Feb, $62.74 , $8.21 
16/07/2024,East,Tablet,7, $498.46 ,Store C,Wholesale,0.15,Carlos," $2,965.84 ",Gift Card,,0,REG100988,Cust 7505, $42.72 ,16/07/2024,20/07/2024,Eric,Jul," $2,923.12 ", $523.38 
23/11/2023,East,Chair,2, $253.41 ,Store D,Retail,0.1,Frank, $456.14 ,Cash,FREESHIP,0,REG100989,Cust 9490, $49.64 ,23/11/2023,25/11/2023,Eric,Nov, $406.50 , $50.68 
07/09/2023,South,Phone,16, $144.07 ,Store D,Wholesale,0.1,Eva," $2,074.61 ",Debit Card,FREESHIP,0,REG100990,Cust 8631, $7.33 ,07/09/2023,09/09/2023,Sophie,Sep," $2,067.28 ", $230.51 
01/02/2024,West,Monitor,11, $201.09 ,Store C,Retail,0.15,Carlos," $1,880.19 ",Cash,,1,REG100991,Cust 6986, $48.42 ,01/02/2024,04/02/2024,Wendy,Feb," $1,831.77 ", $331.80 
08/05/2025,South,Chair,11, $585.45 ,Store D,Wholesale,0.1,Alice," $5,795.96 ",Credit Card,WINTER15,0,REG100992,Cust 9636, $36.59 ,08/05/2025,12/05/2025,Sophie,May," $5,759.37 ", $644.00 
17/01/2025,North,Laptop,3, $448.77 ,Store A,Retail,0,Alice," $1,346.31 ",Online,FREESHIP,0,REG100993,Cust 7367, $28.50 ,17/01/2025,24/01/2025,Ryan,Jan," $1,317.81 ", $-   
02/09/2023,East,Monitor,9, $184.43 ,Store D,Wholesale,0,Carlos," $1,659.87 ",Online,WINTER15,0,REG100994,Cust 1943, $30.78 ,02/09/2023,08/09/2023,Eric,Sep," $1,629.09 ", $-   
23/06/2023,Central,Laptop,16, $594.10 ,Store D,Retail,0,Bob," $9,505.60 ",Gift Card,FREESHIP,0,REG100995,Cust 6368, $18.20 ,23/06/2023,01/07/2023,Cameron,Jun," $9,487.40 ", $-   
20/01/2024,East,Laptop,19, $482.07 ,Store B,Wholesale,0.1,Bob," $8,243.40 ",Credit Card,,0,REG100996,Cust 9724, $25.96 ,20/01/2024,26/01/2024,Eric,Jan," $8,217.44 ", $915.93 
26/06/2024,East,Chair,20, $75.45 ,Store B,Wholesale,0.05,Eva," $1,433.55 ",Credit Card,SAVE10,0,REG100997,Cust 1983, $44.77 ,26/06/2024,06/07/2024,Eric,Jun," $1,388.78 ", $75.45 
12/12/2024,Central,Monitor,2, $494.22 ,Store C,Retail,0.1,Carlos, $889.60 ,Gift Card,FREESHIP,0,REG100998,Cust 8723, $13.45 ,12/12/2024,17/12/2024,Cameron,Dec, $876.15 , $98.84 
21/02/2024,East,Laptop,15, $112.82 ,Store B,Wholesale,0.05,Frank," $1,607.69 ",Credit Card,WINTER15,0,REG100999,Cust 1901, $18.21 ,21/02/2024,01/03/2024,Eric,Feb," $1,589.48 ", $84.62 
18/07/2023,East,Desk,3, $121.56 ,Store D,Wholesale,0,Eva, $364.68 ,Debit Card,WINTER15,0,REG101000,Cust 9682, $29.06 ,18/07/2023,25/07/2023,Eric,Jul, $335.62 , $-   
02/10/2024,North,Desk,12, $465.94 ,Store D,Wholesale,0,Alice," $5,591.28 ",Credit Card,WINTER15,0,REG101001,Cust 5413, $34.16 ,02/10/2024,06/10/2024,Ryan,Oct," $5,557.12 ", $-   
01/12/2024,West,Phone,12, $187.80 ,Store D,Wholesale,0.15,Diana," $1,915.56 ",Online,FREESHIP,0,REG101002,Cust 9590, $17.74 ,01/12/2024,04/12/2024,Wendy,Dec," $1,897.82 ", $338.04 
03/09/2024,East,Desk,1, $561.30 ,Store D,Retail,0.15,Frank, $477.11 ,Gift Card,,0,REG101003,Cust 9379, $5.19 ,03/09/2024,12/09/2024,Eric,Sep, $471.92 , $84.20 
22/02/2025,West,Printer,7, $178.26 ,Store C,Retail,0.15,Bob," $1,060.65 ",Online,FREESHIP,0,REG101004,Cust 4722, $44.91 ,22/02/2025,01/03/2025,Wendy,Feb," $1,015.74 ", $187.17 
11/05/2025,West,Monitor,20, $552.83 ,Store D,Retail,0.15,Eva," $9,398.11 ",Online,FREESHIP,1,REG101005,Cust 7152, $20.50 ,11/05/2025,13/05/2025,Wendy,May," $9,377.61 "," $1,658.49 "
20/12/2024,Central,Tablet,2, $458.25 ,Store B,Wholesale,0,Eva, $916.50 ,Gift Card,SAVE10,0,REG101006,Cust 7255, $25.94 ,20/12/2024,29/12/2024,Cameron,Dec, $890.56 , $-   
18/04/2023,East,Laptop,2, $129.43 ,Store D,Retail,0.05,Alice, $245.92 ,Debit Card,FREESHIP,0,REG101007,Cust 9593, $6.91 ,18/04/2023,21/04/2023,Eric,Apr, $239.01 , $12.94 
29/08/2024,East,Printer,19, $448.21 ,Store C,Wholesale,0.1,Alice," $7,664.39 ",Debit Card,WINTER15,0,REG101008,Cust 3829, $30.71 ,29/08/2024,03/09/2024,Eric,Aug," $7,633.68 ", $851.60 
03/09/2023,North,Desk,16, $440.48 ,Store B,Retail,0.05,Frank," $6,695.30 ",Cash,FREESHIP,1,REG101009,Cust 2561, $26.87 ,03/09/2023,10/09/2023,Ryan,Sep," $6,668.43 ", $352.38 
19/05/2025,East,Laptop,8, $262.62 ,Store C,Wholesale,0,Alice," $2,100.96 ",Cash,FREESHIP,1,REG101010,Cust 8387, $36.73 ,19/05/2025,24/05/2025,Eric,May," $2,064.23 ", $-   
18/06/2023,East,Tablet,15, $124.91 ,Store A,Wholesale,0.1,Eva," $1,686.29 ",Gift Card,FREESHIP,0,REG101011,Cust 2860, $31.95 ,18/06/2023,26/06/2023,Eric,Jun," $1,654.34 ", $187.37 
18/06/2025,West,Monitor,9, $391.00 ,Store D,Wholesale,0.1,Eva," $3,167.10 ",Debit Card,WINTER15,0,REG101012,Cust 7794, $46.76 ,18/06/2025,22/06/2025,Wendy,Jun," $3,120.34 ", $351.90 
29/09/2024,South,Laptop,12, $204.15 ,Store C,Retail,0.05,Alice," $2,327.31 ",Debit Card,FREESHIP,1,REG101013,Cust 6075, $26.40 ,29/09/2024,07/10/2024,Sophie,Sep," $2,300.91 ", $122.49 
25/02/2024,East,Laptop,20, $13.64 ,Store C,Retail,0.15,Frank, $231.88 ,Credit Card,SAVE10,0,REG101014,Cust 4337, $33.60 ,25/02/2024,04/03/2024,Eric,Feb, $198.28 , $40.92 
21/03/2024,North,Printer,14, $524.90 ,Store C,Wholesale,0.05,Alice," $6,981.17 ",Cash,FREESHIP,1,REG101015,Cust 2540, $20.23 ,21/03/2024,30/03/2024,Ryan,Mar," $6,960.94 ", $367.43 
03/02/2024,North,Laptop,8, $143.95 ,Store B,Retail,0.1,Diana," $1,036.44 ",Cash,SAVE10,0,REG101016,Cust 3944, $28.09 ,03/02/2024,09/02/2024,Ryan,Feb," $1,008.35 ", $115.16 
21/11/2023,South,Laptop,2, $576.84 ,Store D,Retail,0.1,Frank," $1,038.31 ",Credit Card,FREESHIP,0,REG101017,Cust 8876, $43.32 ,21/11/2023,24/11/2023,Sophie,Nov, $994.99 , $115.37 
10/01/2023,West,Chair,14, $250.98 ,Store C,Retail,0,Eva," $3,513.72 ",Debit Card,,0,REG101018,Cust 3286, $14.94 ,10/01/2023,18/01/2023,Wendy,Jan," $3,498.78 ", $-   
06/02/2023,Central,Phone,7, $335.41 ,Store C,Retail,0,Bob," $2,347.87 ",Online,SAVE10,0,REG101019,Cust 4990, $18.91 ,06/02/2023,10/02/2023,Cameron,Feb," $2,328.96 ", $-   
10/04/2025,North,Printer,11, $204.50 ,Store A,Retail,0,Eva," $2,249.50 ",Debit Card,WINTER15,0,REG101020,Cust 8706, $13.82 ,10/04/2025,20/04/2025,Ryan,Apr," $2,235.68 ", $-   
14/02/2024,East,Tablet,1, $542.63 ,Store A,Retail,0.05,Carlos, $515.50 ,Credit Card,,0,REG101021,Cust 2608, $33.20 ,14/02/2024,21/02/2024,Eric,Feb, $482.30 , $27.13 
26/05/2025,East,Phone,1, $204.54 ,Store D,Retail,0.1,Carlos, $184.09 ,Online,,1,REG101022,Cust 3290, $17.76 ,26/05/2025,29/05/2025,Eric,May, $166.33 , $20.45 
12/09/2023,West,Chair,10, $419.58 ,Store A,Wholesale,0.15,Eva," $3,566.43 ",Debit Card,FREESHIP,0,REG101023,Cust 3892, $13.09 ,12/09/2023,19/09/2023,Wendy,Sep," $3,553.34 ", $629.37 
17/05/2023,East,Desk,7, $87.88 ,Store C,Wholesale,0.15,Alice, $522.89 ,Online,WINTER15,1,REG101024,Cust 6979, $22.20 ,17/05/2023,26/05/2023,Eric,May, $500.69 , $92.27 
29/01/2024,West,Printer,7, $386.88 ,Store B,Wholesale,0.05,Carlos," $2,572.75 ",Cash,SAVE10,0,REG101025,Cust 9375, $38.46 ,29/01/2024,31/01/2024,Wendy,Jan," $2,534.29 ", $135.41 
09/05/2025,North,Desk,4, $242.80 ,Store D,Wholesale,0.05,Diana, $922.64 ,Debit Card,FREESHIP,0,REG101026,Cust 9311, $30.03 ,09/05/2025,18/05/2025,Ryan,May, $892.61 , $48.56 
05/04/2024,East,Printer,4, $410.59 ,Store A,Retail,0,Eva," $1,642.36 ",Cash,,0,REG101027,Cust 4097, $17.36 ,05/04/2024,09/04/2024,Eric,Apr," $1,625.00 ", $-   
01/08/2024,South,Chair,3, $10.93 ,Store D,Wholesale,0.15,Eva, $27.87 ,Cash,FREESHIP,0,REG101028,Cust 6145, $19.01 ,01/08/2024,10/08/2024,Sophie,Aug, $8.86 , $4.92 
10/07/2024,South,Chair,20, $150.16 ,Store C,Wholesale,0,Bob," $3,003.20 ",Cash,,0,REG101029,Cust 8124, $41.66 ,10/07/2024,12/07/2024,Sophie,Jul," $2,961.54 ", $-   
15/06/2024,East,Chair,1, $394.41 ,Store B,Retail,0.1,Alice, $354.97 ,Gift Card,WINTER15,0,REG101030,Cust 7826, $6.37 ,15/06/2024,20/06/2024,Eric,Jun, $348.60 , $39.44 
22/05/2024,East,Monitor,6, $535.38 ,Store C,Wholesale,0.15,Alice," $2,730.44 ",Online,,0,REG101031,Cust 3472, $48.66 ,22/05/2024,29/05/2024,Eric,May," $2,681.78 ", $481.84 
14/01/2024,East,Monitor,19, $407.82 ,Store D,Retail,0.05,Diana," $7,361.15 ",Gift Card,FREESHIP,0,REG101032,Cust 4266, $38.98 ,14/01/2024,18/01/2024,Eric,Jan," $7,322.17 ", $387.43 
31/10/2024,North,Tablet,16, $120.83 ,Store B,Retail,0.05,Carlos," $1,836.62 ",Cash,WINTER15,1,REG101033,Cust 8492, $39.64 ,31/10/2024,02/11/2024,Ryan,Oct," $1,796.98 ", $96.66 
23/04/2024,West,Printer,7, $39.53 ,Store D,Retail,0.1,Carlos, $249.04 ,Debit Card,WINTER15,0,REG101034,Cust 7354, $18.16 ,23/04/2024,29/04/2024,Wendy,Apr, $230.88 , $27.67 
14/06/2023,South,Tablet,2, $224.08 ,Store A,Retail,0.05,Frank, $425.75 ,Credit Card,WINTER15,0,REG101035,Cust 6672, $47.35 ,14/06/2023,20/06/2023,Sophie,Jun, $378.40 , $22.41 
28/02/2024,North,Printer,11, $382.08 ,Store D,Wholesale,0.05,Frank," $3,992.74 ",Cash,WINTER15,0,REG101036,Cust 5589, $5.95 ,28/02/2024,02/03/2024,Ryan,Feb," $3,986.79 ", $210.14 
19/06/2024,South,Printer,9, $88.49 ,Store D,Wholesale,0.05,Diana, $756.59 ,Online,,0,REG101037,Cust 2770, $35.60 ,19/06/2024,26/06/2024,Sophie,Jun, $720.99 , $39.82 
18/03/2023,Central,Tablet,20, $139.10 ,Store C,Wholesale,0.05,Carlos," $2,642.90 ",Online,FREESHIP,0,REG101038,Cust 7206, $30.22 ,18/03/2023,20/03/2023,Cameron,Mar," $2,612.68 ", $139.10 
21/03/2023,West,Desk,19, $322.35 ,Store D,Wholesale,0.1,Alice," $5,512.19 ",Debit Card,WINTER15,0,REG101039,Cust 1580, $30.06 ,21/03/2023,31/03/2023,Wendy,Mar," $5,482.13 ", $612.47 
28/05/2024,East,Printer,16, $334.55 ,Store B,Wholesale,0.1,Eva," $4,817.52 ",Credit Card,SAVE10,0,REG101040,Cust 5313, $37.42 ,28/05/2024,01/06/2024,Eric,May," $4,780.10 ", $535.28 
27/03/2023,West,Desk,20, $332.48 ,Store B,Wholesale,0,Eva," $6,649.60 ",Online,SAVE10,1,REG101041,Cust 4209, $7.79 ,27/03/2023,30/03/2023,Wendy,Mar," $6,641.81 ", $-   
19/06/2023,Central,Printer,1, $123.40 ,Store A,Retail,0,Eva, $123.40 ,Cash,,1,REG101042,Cust 5861, $12.63 ,19/06/2023,25/06/2023,Cameron,Jun, $110.77 , $-   
31/10/2023,South,Laptop,3, $88.26 ,Store D,Wholesale,0.05,Bob, $251.54 ,Debit Card,FREESHIP,0,REG101043,Cust 6348, $46.45 ,31/10/2023,07/11/2023,Sophie,Oct, $205.09 , $13.24 
11/07/2023,West,Phone,13, $50.51 ,Store D,Wholesale,0.1,Alice, $590.97 ,Debit Card,WINTER15,0,REG101044,Cust 5210, $40.57 ,11/07/2023,18/07/2023,Wendy,Jul, $550.40 , $65.66 
19/05/2023,South,Monitor,11, $237.99 ,Store D,Wholesale,0.05,Bob," $2,487.00 ",Debit Card,FREESHIP,0,REG101045,Cust 7325, $44.70 ,19/05/2023,28/05/2023,Sophie,May," $2,442.30 ", $130.89 
05/08/2023,North,Chair,7, $294.95 ,Store D,Wholesale,0,Frank," $2,064.65 ",Online,FREESHIP,0,REG101046,Cust 5818, $15.78 ,05/08/2023,10/08/2023,Ryan,Aug," $2,048.87 ", $-   
24/03/2023,West,Desk,8, $384.30 ,Store C,Wholesale,0.1,Frank," $2,766.96 ",Gift Card,FREESHIP,0,REG101047,Cust 7773, $48.83 ,24/03/2023,03/04/2023,Wendy,Mar," $2,718.13 ", $307.44 
14/02/2025,West,Monitor,1, $378.35 ,Store C,Wholesale,0.05,Diana, $359.43 ,Cash,FREESHIP,0,REG101048,Cust 3960, $20.97 ,14/02/2025,17/02/2025,Wendy,Feb, $338.46 , $18.92 
14/12/2024,North,Desk,1, $461.35 ,Store D,Retail,0,Bob, $461.35 ,Debit Card,FREESHIP,1,REG101049,Cust 4496, $43.74 ,14/12/2024,16/12/2024,Ryan,Dec, $417.61 , $-   
28/06/2023,South,Printer,20, $354.90 ,Store A,Wholesale,0,Bob," $7,098.00 ",Gift Card,WINTER15,0,REG101050,Cust 3875, $43.24 ,28/06/2023,01/07/2023,Sophie,Jun," $7,054.76 ", $-   
24/01/2023,West,Desk,7, $438.41 ,Store C,Retail,0.1,Diana," $2,761.98 ",Debit Card,SAVE10,1,REG101051,Cust 7232, $47.77 ,24/01/2023,28/01/2023,Wendy,Jan," $2,714.21 ", $306.89 
21/06/2024,Central,Tablet,14, $542.60 ,Store C,Retail,0.05,Eva," $7,216.58 ",Debit Card,,0,REG101052,Cust 2137, $44.76 ,21/06/2024,30/06/2024,Cameron,Jun," $7,171.82 ", $379.82 
09/04/2025,North,Printer,3, $238.82 ,Store C,Retail,0.1,Bob, $644.81 ,Gift Card,WINTER15,0,REG101053,Cust 4537, $37.07 ,09/04/2025,18/04/2025,Ryan,Apr, $607.74 , $71.65 
11/01/2025,North,Tablet,16, $332.19 ,Store C,Retail,0.1,Eva," $4,783.54 ",Credit Card,SAVE10,1,REG101054,Cust 6274, $34.97 ,11/01/2025,19/01/2025,Ryan,Jan," $4,748.57 ", $531.50 
13/07/2024,Central,Printer,9, $454.60 ,Store D,Wholesale,0.05,Carlos," $3,886.83 ",Debit Card,,0,REG101055,Cust 3810, $32.86 ,13/07/2024,20/07/2024,Cameron,Jul," $3,853.97 ", $204.57 
04/01/2025,West,Printer,6, $540.54 ,Store A,Retail,0.05,Carlos," $3,081.08 ",Debit Card,SAVE10,0,REG101056,Cust 5002, $19.77 ,04/01/2025,10/01/2025,Wendy,Jan," $3,061.31 ", $162.16 
25/10/2023,West,Desk,14, $147.37 ,Store D,Wholesale,0.15,Frank," $1,753.70 ",Debit Card,WINTER15,1,REG101057,Cust 8551, $45.75 ,25/10/2023,31/10/2023,Wendy,Oct," $1,707.95 ", $309.48 
30/09/2023,South,Laptop,7, $421.12 ,Store D,Wholesale,0.15,Diana," $2,505.66 ",Gift Card,,0,REG101058,Cust 8837, $44.49 ,30/09/2023,02/10/2023,Sophie,Sep," $2,461.17 ", $442.18 
16/03/2023,North,Phone,20, $436.32 ,Store D,Retail,0,Diana," $8,726.40 ",Credit Card,FREESHIP,1,REG101059,Cust 6523, $37.49 ,16/03/2023,26/03/2023,Ryan,Mar," $8,688.91 ", $-   
26/07/2023,North,Laptop,18, $436.83 ,Store A,Wholesale,0.1,Bob," $7,076.65 ",Credit Card,SAVE10,0,REG101060,Cust 1947, $28.80 ,26/07/2023,02/08/2023,Ryan,Jul," $7,047.85 ", $786.29 
10/07/2023,East,Monitor,2, $327.57 ,Store A,Retail,0.05,Diana, $622.38 ,Debit Card,,0,REG101061,Cust 3440, $19.49 ,10/07/2023,19/07/2023,Eric,Jul, $602.89 , $32.76 
06/08/2024,East,Printer,18, $166.92 ,Store C,Wholesale,0.05,Alice," $2,854.33 ",Gift Card,WINTER15,0,REG101062,Cust 4102, $9.35 ,06/08/2024,16/08/2024,Eric,Aug," $2,844.98 ", $150.23 
16/07/2024,Central,Phone,14, $300.38 ,Store A,Retail,0.1,Alice," $3,784.79 ",Online,,0,REG101063,Cust 4145, $38.60 ,16/07/2024,19/07/2024,Cameron,Jul," $3,746.19 ", $420.53 
31/01/2024,North,Printer,5, $232.29 ,Store A,Wholesale,0,Alice," $1,161.45 ",Online,,1,REG101064,Cust 5206, $42.38 ,31/01/2024,09/02/2024,Ryan,Jan," $1,119.07 ", $-   
22/04/2023,Central,Tablet,1, $173.44 ,Store A,Retail,0,Bob, $173.44 ,Gift Card,FREESHIP,0,REG101065,Cust 4022, $32.83 ,22/04/2023,24/04/2023,Cameron,Apr, $140.61 , $-   
04/02/2025,East,Phone,9, $256.14 ,Store A,Retail,0.15,Frank," $1,959.47 ",Credit Card,SAVE10,1,REG101066,Cust 8676, $5.21 ,04/02/2025,07/02/2025,Eric,Feb," $1,954.26 ", $345.79 
25/08/2024,Central,Laptop,12, $461.30 ,Store D,Wholesale,0.15,Diana," $4,705.26 ",Gift Card,FREESHIP,0,REG101067,Cust 7492, $8.60 ,25/08/2024,03/09/2024,Cameron,Aug," $4,696.66 ", $830.34 
30/08/2023,East,Phone,1, $193.08 ,Store A,Wholesale,0.05,Frank, $183.43 ,Online,SAVE10,0,REG101068,Cust 3150, $23.99 ,30/08/2023,05/09/2023,Eric,Aug, $159.44 , $9.65 
06/09/2023,West,Chair,3, $312.97 ,Store C,Retail,0.05,Eva, $891.96 ,Credit Card,,1,REG101069,Cust 7872, $20.06 ,06/09/2023,12/09/2023,Wendy,Sep, $871.90 , $46.95 
13/05/2025,South,Laptop,6, $214.14 ,Store D,Wholesale,0.05,Diana," $1,220.60 ",Cash,FREESHIP,0,REG101070,Cust 8762, $44.86 ,13/05/2025,21/05/2025,Sophie,May," $1,175.74 ", $64.24 
29/10/2023,North,Phone,4, $59.80 ,Store D,Retail,0.1,Frank, $215.28 ,Online,FREESHIP,0,REG101071,Cust 4004, $42.59 ,29/10/2023,06/11/2023,Ryan,Oct, $172.69 , $23.92 
12/06/2024,East,Laptop,9, $418.00 ,Store C,Wholesale,0,Bob," $3,762.00 ",Credit Card,WINTER15,0,REG101072,Cust 2781, $30.45 ,12/06/2024,18/06/2024,Eric,Jun," $3,731.55 ", $-   
02/02/2023,South,Chair,1, $80.96 ,Store A,Wholesale,0,Bob, $80.96 ,Credit Card,FREESHIP,0,REG101073,Cust 9982, $48.07 ,02/02/2023,05/02/2023,Sophie,Feb, $32.89 , $-   
04/05/2023,East,Phone,20, $42.12 ,Store B,Wholesale,0.15,Alice, $716.04 ,Credit Card,,0,REG101074,Cust 9561, $43.22 ,04/05/2023,12/05/2023,Eric,May, $672.82 , $126.36 
24/05/2023,West,Monitor,3, $366.65 ,Store D,Wholesale,0,Carlos," $1,099.95 ",Credit Card,SAVE10,0,REG101075,Cust 3496, $33.60 ,24/05/2023,31/05/2023,Wendy,May," $1,066.35 ", $-   
03/02/2023,West,Monitor,19, $534.92 ,Store D,Retail,0,Diana," $10,163.48 ",Online,,0,REG101076,Cust 4085, $26.97 ,03/02/2023,13/02/2023,Wendy,Feb," $10,136.51 ", $-   
25/12/2023,East,Chair,1, $494.52 ,Store D,Retail,0,Bob, $494.52 ,Credit Card,,0,REG101077,Cust 1921, $43.02 ,25/12/2023,02/01/2024,Eric,Dec, $451.50 , $-   
26/07/2023,East,Monitor,6, $344.67 ,Store D,Wholesale,0.1,Diana," $1,861.22 ",Online,SAVE10,1,REG101078,Cust 9053, $31.13 ,26/07/2023,01/08/2023,Eric,Jul," $1,830.09 ", $206.80 
06/06/2024,Central,Monitor,12, $489.14 ,Store D,Retail,0.15,Bob," $4,989.23 ",Online,SAVE10,0,REG101079,Cust 9345, $29.31 ,06/06/2024,15/06/2024,Cameron,Jun," $4,959.92 ", $880.45 
13/10/2024,South,Printer,18, $256.23 ,Store B,Wholesale,0.05,Eva," $4,381.53 ",Debit Card,,0,REG101080,Cust 3559, $11.21 ,13/10/2024,18/10/2024,Sophie,Oct," $4,370.32 ", $230.61 
03/11/2024,North,Printer,17, $99.76 ,Store C,Wholesale,0,Diana," $1,695.92 ",Online,FREESHIP,1,REG101081,Cust 1762, $21.89 ,03/11/2024,13/11/2024,Ryan,Nov," $1,674.03 ", $-   
03/02/2024,North,Printer,14, $575.66 ,Store C,Wholesale,0.1,Frank," $7,253.32 ",Credit Card,,0,REG101082,Cust 7060, $32.53 ,03/02/2024,11/02/2024,Ryan,Feb," $7,220.79 ", $805.92 
10/01/2023,East,Chair,6, $176.52 ,Store D,Wholesale,0.15,Alice, $900.25 ,Online,FREESHIP,0,REG101083,Cust 8796, $16.98 ,10/01/2023,13/01/2023,Eric,Jan, $883.27 , $158.87 
16/10/2023,East,Tablet,6, $485.66 ,Store D,Wholesale,0.05,Eva," $2,768.26 ",Gift Card,FREESHIP,0,REG101084,Cust 6055, $30.62 ,16/10/2023,22/10/2023,Eric,Oct," $2,737.64 ", $145.70 
19/03/2025,Central,Laptop,8, $141.61 ,Store B,Retail,0.1,Bob," $1,019.59 ",Gift Card,WINTER15,0,REG101085,Cust 5779, $14.02 ,19/03/2025,24/03/2025,Cameron,Mar," $1,005.57 ", $113.29 
16/12/2024,West,Desk,9, $215.29 ,Store C,Wholesale,0.1,Alice," $1,743.85 ",Credit Card,WINTER15,0,REG101086,Cust 9330, $5.84 ,16/12/2024,19/12/2024,Wendy,Dec," $1,738.01 ", $193.76 
16/08/2023,West,Laptop,18, $497.22 ,Store B,Wholesale,0.05,Diana," $8,502.46 ",Credit Card,WINTER15,0,REG101087,Cust 5374, $17.39 ,16/08/2023,20/08/2023,Wendy,Aug," $8,485.07 ", $447.50 
10/01/2023,East,Desk,13, $347.73 ,Store B,Wholesale,0.05,Diana," $4,294.47 ",Gift Card,FREESHIP,1,REG101088,Cust 3321, $31.81 ,10/01/2023,20/01/2023,Eric,Jan," $4,262.66 ", $226.02 
09/05/2025,Central,Chair,3, $371.21 ,Store C,Wholesale,0.1,Eva," $1,002.27 ",Gift Card,SAVE10,0,REG101089,Cust 6554, $20.02 ,09/05/2025,18/05/2025,Cameron,May, $982.25 , $111.36 
08/04/2024,East,Printer,12, $434.33 ,Store A,Wholesale,0.15,Bob," $4,430.17 ",Cash,FREESHIP,0,REG101090,Cust 6855, $15.33 ,08/04/2024,16/04/2024,Eric,Apr," $4,414.84 ", $781.79 
06/05/2025,East,Monitor,16, $426.65 ,Store A,Retail,0.1,Diana," $6,143.76 ",Gift Card,,0,REG101091,Cust 9955, $10.20 ,06/05/2025,15/05/2025,Eric,May," $6,133.56 ", $682.64 
21/05/2023,West,Desk,6, $294.97 ,Store A,Wholesale,0.05,Bob," $1,681.33 ",Credit Card,WINTER15,0,REG101092,Cust 3320, $48.08 ,21/05/2023,29/05/2023,Wendy,May," $1,633.25 ", $88.49 
23/11/2023,Central,Phone,12, $130.90 ,Store D,Retail,0.15,Alice," $1,335.18 ",Debit Card,SAVE10,0,REG101093,Cust 8177, $34.69 ,23/11/2023,30/11/2023,Cameron,Nov," $1,300.49 ", $235.62 
26/03/2024,North,Monitor,18, $539.98 ,Store C,Retail,0.15,Eva," $8,261.69 ",Cash,FREESHIP,1,REG101094,Cust 1743, $34.44 ,26/03/2024,05/04/2024,Ryan,Mar," $8,227.25 "," $1,457.95 "
25/09/2024,South,Desk,12, $149.37 ,Store D,Retail,0.1,Bob," $1,613.20 ",Credit Card,,0,REG101095,Cust 3719, $20.21 ,25/09/2024,02/10/2024,Sophie,Sep," $1,592.99 ", $179.24 
06/04/2023,East,Chair,5, $411.24 ,Store A,Wholesale,0.15,Bob," $1,747.77 ",Cash,WINTER15,1,REG101096,Cust 9323, $5.35 ,06/04/2023,10/04/2023,Eric,Apr," $1,742.42 ", $308.43 
24/06/2024,North,Chair,16, $462.86 ,Store D,Retail,0.05,Bob," $7,035.47 ",Cash,,1,REG101097,Cust 1914, $17.43 ,24/06/2024,26/06/2024,Ryan,Jun," $7,018.04 ", $370.29 
15/12/2024,South,Laptop,17, $506.38 ,Store B,Wholesale,0,Carlos," $8,608.46 ",Cash,WINTER15,1,REG101098,Cust 5928, $33.36 ,15/12/2024,23/12/2024,Sophie,Dec," $8,575.10 ", $-   
03/10/2024,North,Desk,19, $25.61 ,Store B,Retail,0,Bob, $486.59 ,Gift Card,,0,REG101099,Cust 1904, $30.32 ,03/10/2024,11/10/2024,Ryan,Oct, $456.27 , $-   
03/09/2023,South,Desk,4, $467.45 ,Store C,Wholesale,0.05,Frank," $1,776.31 ",Gift Card,WINTER15,0,REG101100,Cust 8062, $25.05 ,03/09/2023,13/09/2023,Sophie,Sep," $1,751.26 ", $93.49 
29/01/2023,North,Printer,10, $140.50 ,Store B,Retail,0.15,Carlos," $1,194.25 ",Online,FREESHIP,0,REG101101,Cust 8150, $43.81 ,29/01/2023,05/02/2023,Ryan,Jan," $1,150.44 ", $210.75 
12/06/2024,North,Phone,8, $57.85 ,Store D,Wholesale,0,Frank, $462.80 ,Online,WINTER15,1,REG101102,Cust 3275, $49.82 ,12/06/2024,20/06/2024,Ryan,Jun, $412.98 , $-   
24/11/2024,North,Monitor,9, $539.64 ,Store A,Retail,0.15,Alice," $4,128.25 ",Gift Card,,0,REG101103,Cust 3854, $16.08 ,24/11/2024,03/12/2024,Ryan,Nov," $4,112.17 ", $728.51 
15/08/2023,West,Monitor,18, $476.32 ,Store A,Wholesale,0,Diana," $8,573.76 ",Credit Card,SAVE10,1,REG101104,Cust 8398, $47.43 ,15/08/2023,20/08/2023,Wendy,Aug," $8,526.33 ", $-   
21/08/2024,Central,Tablet,11, $143.85 ,Store A,Wholesale,0.1,Eva," $1,424.12 ",Debit Card,FREESHIP,0,REG101105,Cust 4026, $6.85 ,21/08/2024,30/08/2024,Cameron,Aug," $1,417.27 ", $158.24 
24/05/2023,West,Monitor,4, $323.63 ,Store C,Retail,0.1,Carlos," $1,165.07 ",Credit Card,FREESHIP,0,REG101106,Cust 5794, $32.92 ,24/05/2023,01/06/2023,Wendy,May," $1,132.15 ", $129.45 
27/04/2023,West,Monitor,16, $37.40 ,Store A,Wholesale,0.05,Bob, $568.48 ,Credit Card,FREESHIP,0,REG101107,Cust 2917, $49.55 ,27/04/2023,01/05/2023,Wendy,Apr, $518.93 , $29.92 
21/05/2023,East,Tablet,1, $418.98 ,Store B,Retail,0.1,Carlos, $377.08 ,Gift Card,FREESHIP,0,REG101108,Cust 5659, $43.72 ,21/05/2023,26/05/2023,Eric,May, $333.36 , $41.90 
16/02/2025,East,Monitor,12, $108.35 ,Store A,Wholesale,0,Diana," $1,300.20 ",Online,FREESHIP,0,REG101109,Cust 1857, $42.06 ,16/02/2025,25/02/2025,Eric,Feb," $1,258.14 ", $-   
24/08/2023,East,Tablet,5, $256.42 ,Store B,Retail,0,Alice," $1,282.10 ",Gift Card,FREESHIP,0,REG101110,Cust 6718, $28.74 ,24/08/2023,29/08/2023,Eric,Aug," $1,253.36 ", $-   
14/03/2024,East,Desk,16, $544.91 ,Store B,Retail,0.1,Frank," $7,846.70 ",Credit Card,FREESHIP,0,REG101111,Cust 8378, $39.26 ,14/03/2024,21/03/2024,Eric,Mar," $7,807.44 ", $871.86 
29/01/2024,North,Desk,19, $113.42 ,Store A,Retail,0,Eva," $2,154.98 ",Debit Card,WINTER15,0,REG101112,Cust 3069, $44.96 ,29/01/2024,07/02/2024,Ryan,Jan," $2,110.02 ", $-   
09/08/2024,South,Phone,10, $522.73 ,Store C,Retail,0.1,Bob," $4,704.57 ",Credit Card,,0,REG101113,Cust 7619, $20.06 ,09/08/2024,15/08/2024,Sophie,Aug," $4,684.51 ", $522.73 
08/07/2024,North,Tablet,18, $448.03 ,Store B,Retail,0.15,Frank," $6,854.86 ",Cash,WINTER15,1,REG101114,Cust 6167, $13.23 ,08/07/2024,17/07/2024,Ryan,Jul," $6,841.63 "," $1,209.68 "
20/08/2024,North,Monitor,15, $208.51 ,Store A,Retail,0.05,Carlos," $2,971.27 ",Gift Card,,0,REG101115,Cust 2453, $37.81 ,20/08/2024,29/08/2024,Ryan,Aug," $2,933.46 ", $156.38 
26/06/2023,Central,Laptop,13, $423.64 ,Store C,Retail,0.1,Alice," $4,956.59 ",Debit Card,,1,REG101116,Cust 8896, $23.31 ,26/06/2023,28/06/2023,Cameron,Jun," $4,933.28 ", $550.73 
23/12/2023,East,Chair,5, $552.26 ,Store D,Wholesale,0.15,Alice," $2,347.11 ",Debit Card,WINTER15,0,REG101117,Cust 8800, $26.50 ,23/12/2023,25/12/2023,Eric,Dec," $2,320.61 ", $414.20 
20/08/2023,Central,Desk,1, $182.11 ,Store A,Retail,0.1,Carlos, $163.90 ,Credit Card,WINTER15,0,REG101118,Cust 1819, $7.31 ,20/08/2023,27/08/2023,Cameron,Aug, $156.59 , $18.21 
28/10/2024,West,Desk,7, $466.36 ,Store D,Wholesale,0.05,Bob," $3,101.29 ",Online,SAVE10,1,REG101119,Cust 1300, $11.45 ,28/10/2024,06/11/2024,Wendy,Oct," $3,089.84 ", $163.23 
11/11/2024,East,Printer,15, $140.54 ,Store A,Wholesale,0.1,Eva," $1,897.29 ",Credit Card,SAVE10,0,REG101120,Cust 3807, $49.91 ,11/11/2024,21/11/2024,Eric,Nov," $1,847.38 ", $210.81 
07/12/2023,West,Desk,17, $460.31 ,Store A,Retail,0.15,Diana," $6,651.48 ",Online,WINTER15,0,REG101121,Cust 6633, $40.18 ,07/12/2023,15/12/2023,Wendy,Dec," $6,611.30 "," $1,173.79 "
23/03/2024,West,Laptop,5, $132.87 ,Store B,Retail,0,Bob, $664.35 ,Debit Card,WINTER15,0,REG101122,Cust 6573, $37.91 ,23/03/2024,02/04/2024,Wendy,Mar, $626.44 , $-   
29/10/2024,West,Tablet,12, $209.86 ,Store D,Retail,0.05,Bob," $2,392.40 ",Online,WINTER15,0,REG101123,Cust 8600, $8.78 ,29/10/2024,02/11/2024,Wendy,Oct," $2,383.62 ", $125.92 
17/06/2025,East,Laptop,9, $31.35 ,Store B,Retail,0.1,Diana, $253.94 ,Cash,SAVE10,0,REG101124,Cust 8654, $39.32 ,17/06/2025,22/06/2025,Eric,Jun, $214.62 , $28.22 
18/03/2023,North,Chair,11, $335.11 ,Store C,Retail,0,Frank," $3,686.21 ",Gift Card,FREESHIP,0,REG101125,Cust 3708, $29.95 ,18/03/2023,26/03/2023,Ryan,Mar," $3,656.26 ", $-   
19/01/2023,East,Phone,8, $277.43 ,Store D,Wholesale,0,Carlos," $2,219.44 ",Online,SAVE10,0,REG101126,Cust 1268, $36.38 ,19/01/2023,23/01/2023,Eric,Jan," $2,183.06 ", $-   
09/07/2023,West,Desk,6, $287.72 ,Store A,Retail,0.05,Bob," $1,640.00 ",Debit Card,WINTER15,0,REG101127,Cust 5600, $17.14 ,09/07/2023,14/07/2023,Wendy,Jul," $1,622.86 ", $86.32 
16/03/2025,East,Laptop,14, $459.61 ,Store B,Retail,0.05,Frank," $6,112.81 ",Online,,1,REG101128,Cust 2438, $43.41 ,16/03/2025,26/03/2025,Eric,Mar," $6,069.40 ", $321.73 
08/02/2025,North,Tablet,10, $396.73 ,Store B,Retail,0.1,Eva," $3,570.57 ",Online,FREESHIP,0,REG101129,Cust 4293, $18.13 ,08/02/2025,13/02/2025,Ryan,Feb," $3,552.44 ", $396.73 
20/04/2024,South,Printer,20, $516.43 ,Store B,Retail,0,Bob," $10,328.60 ",Online,FREESHIP,0,REG101130,Cust 6895, $36.23 ,20/04/2024,22/04/2024,Sophie,Apr," $10,292.37 ", $-   
05/06/2025,East,Laptop,1, $299.66 ,Store A,Retail,0.1,Diana, $269.69 ,Cash,SAVE10,0,REG101131,Cust 2616, $38.94 ,05/06/2025,07/06/2025,Eric,Jun, $230.75 , $29.97 
25/04/2025,South,Chair,12, $31.72 ,Store B,Retail,0,Alice, $380.64 ,Debit Card,SAVE10,0,REG101132,Cust 5362, $30.78 ,25/04/2025,03/05/2025,Sophie,Apr, $349.86 , $-   
06/09/2023,Central,Phone,17, $588.58 ,Store D,Wholesale,0.05,Diana," $9,505.57 ",Debit Card,SAVE10,1,REG101133,Cust 1670, $25.31 ,06/09/2023,13/09/2023,Cameron,Sep," $9,480.26 ", $500.29 
29/09/2023,East,Laptop,11, $203.15 ,Store C,Retail,0.1,Eva," $2,011.19 ",Online,FREESHIP,0,REG101134,Cust 2254, $30.97 ,29/09/2023,02/10/2023,Eric,Sep," $1,980.22 ", $223.47 
21/05/2024,Central,Monitor,18, $139.14 ,Store A,Wholesale,0,Carlos," $2,504.52 ",Online,FREESHIP,1,REG101135,Cust 9521, $10.56 ,21/05/2024,23/05/2024,Cameron,May," $2,493.96 ", $-   
13/04/2025,West,Monitor,2, $158.99 ,Store A,Wholesale,0,Bob, $317.98 ,Online,,0,REG101136,Cust 3921, $48.32 ,13/04/2025,19/04/2025,Wendy,Apr, $269.66 , $-   
16/11/2024,East,Chair,3, $387.63 ,Store A,Wholesale,0,Diana," $1,162.89 ",Credit Card,WINTER15,0,REG101137,Cust 7628, $30.08 ,16/11/2024,20/11/2024,Eric,Nov," $1,132.81 ", $-   
20/07/2024,North,Desk,5, $202.12 ,Store A,Retail,0.1,Diana, $909.54 ,Online,FREESHIP,1,REG101138,Cust 2453, $45.61 ,20/07/2024,28/07/2024,Ryan,Jul, $863.93 , $101.06 
20/05/2023,North,Desk,4, $334.57 ,Store C,Retail,0.15,Carlos," $1,137.54 ",Gift Card,,0,REG101139,Cust 4210, $11.49 ,20/05/2023,27/05/2023,Ryan,May," $1,126.05 ", $200.74 
22/10/2023,West,Phone,16, $486.71 ,Store B,Wholesale,0.15,Carlos," $6,619.26 ",Online,FREESHIP,1,REG101140,Cust 1951, $12.53 ,22/10/2023,26/10/2023,Wendy,Oct," $6,606.73 "," $1,168.10 "
18/05/2025,North,Monitor,2, $188.29 ,Store D,Wholesale,0.15,Bob, $320.09 ,Credit Card,SAVE10,0,REG101141,Cust 9405, $32.22 ,18/05/2025,21/05/2025,Ryan,May, $287.87 , $56.49 
03/03/2024,South,Laptop,3, $260.72 ,Store B,Wholesale,0.15,Frank, $664.84 ,Online,WINTER15,0,REG101142,Cust 8769, $19.41 ,03/03/2024,06/03/2024,Sophie,Mar, $645.43 , $117.32 
23/07/2023,East,Desk,6, $358.27 ,Store B,Retail,0.1,Frank," $1,934.66 ",Gift Card,,0,REG101143,Cust 9982, $7.34 ,23/07/2023,02/08/2023,Eric,Jul," $1,927.32 ", $214.96 
09/02/2025,North,Desk,13, $492.66 ,Store B,Retail,0.1,Frank," $5,764.12 ",Gift Card,FREESHIP,0,REG101144,Cust 4068, $46.21 ,09/02/2025,14/02/2025,Ryan,Feb," $5,717.91 ", $640.46 
17/01/2023,South,Chair,3, $348.38 ,Store B,Wholesale,0,Carlos," $1,045.14 ",Gift Card,FREESHIP,0,REG101145,Cust 3523, $26.25 ,17/01/2023,23/01/2023,Sophie,Jan," $1,018.89 ", $-   
17/09/2023,North,Phone,6, $437.59 ,Store D,Wholesale,0.05,Diana," $2,494.26 ",Gift Card,WINTER15,1,REG101146,Cust 3377, $39.40 ,17/09/2023,26/09/2023,Ryan,Sep," $2,454.86 ", $131.28 
15/02/2025,North,Printer,19, $118.09 ,Store D,Wholesale,0.1,Alice," $2,019.34 ",Online,SAVE10,0,REG101147,Cust 3125, $10.77 ,15/02/2025,23/02/2025,Ryan,Feb," $2,008.57 ", $224.37 
07/10/2023,West,Tablet,15, $188.57 ,Store C,Wholesale,0.05,Bob," $2,687.12 ",Credit Card,FREESHIP,1,REG101148,Cust 4623, $38.61 ,07/10/2023,09/10/2023,Wendy,Oct," $2,648.51 ", $141.43 
08/08/2023,West,Phone,8, $200.74 ,Store A,Wholesale,0,Diana," $1,605.92 ",Gift Card,SAVE10,1,REG101149,Cust 4571, $30.70 ,08/08/2023,10/08/2023,Wendy,Aug," $1,575.22 ", $-   
21/08/2023,East,Laptop,3, $142.09 ,Store C,Wholesale,0.15,Frank, $362.33 ,Gift Card,WINTER15,0,REG101150,Cust 6453, $26.04 ,21/08/2023,27/08/2023,Eric,Aug, $336.29 , $63.94 
07/07/2024,North,Tablet,15, $576.12 ,Store D,Retail,0.1,Alice," $7,777.62 ",Online,WINTER15,0,REG101151,Cust 6982, $29.31 ,07/07/2024,11/07/2024,Ryan,Jul," $7,748.31 ", $864.18 
17/01/2025,South,Desk,9, $96.97 ,Store D,Retail,0.15,Bob, $741.82 ,Credit Card,WINTER15,1,REG101152,Cust 6824, $30.87 ,17/01/2025,24/01/2025,Sophie,Jan, $710.95 , $130.91 
06/12/2023,North,Tablet,17, $218.04 ,Store D,Wholesale,0.15,Bob," $3,150.68 ",Cash,,0,REG101153,Cust 3172, $16.00 ,06/12/2023,16/12/2023,Ryan,Dec," $3,134.68 ", $556.00 
01/03/2023,South,Desk,2, $153.33 ,Store C,Wholesale,0.05,Carlos, $291.33 ,Cash,,0,REG101154,Cust 8146, $31.55 ,01/03/2023,04/03/2023,Sophie,Mar, $259.78 , $15.33 
11/02/2025,North,Printer,8, $316.12 ,Store B,Wholesale,0.1,Diana," $2,276.06 ",Gift Card,WINTER15,0,REG101155,Cust 3299, $6.28 ,11/02/2025,15/02/2025,Ryan,Feb," $2,269.78 ", $252.90 
20/06/2023,Central,Printer,13, $153.57 ,Store B,Wholesale,0.05,Carlos," $1,896.59 ",Gift Card,,0,REG101156,Cust 6476, $27.98 ,20/06/2023,25/06/2023,Cameron,Jun," $1,868.61 ", $99.82 
29/02/2024,West,Printer,7, $208.31 ,Store C,Wholesale,0.05,Frank," $1,385.26 ",Online,SAVE10,0,REG101157,Cust 9835, $26.57 ,29/02/2024,03/03/2024,Wendy,Feb," $1,358.69 ", $72.91 
30/06/2025,North,Chair,2, $160.96 ,Store C,Wholesale,0.1,Eva, $289.73 ,Gift Card,WINTER15,0,REG101158,Cust 1003, $44.97 ,30/06/2025,05/07/2025,Ryan,Jun, $244.76 , $32.19 
19/08/2024,North,Monitor,3, $373.77 ,Store B,Retail,0.1,Eva," $1,009.18 ",Cash,WINTER15,1,REG101159,Cust 9705, $17.62 ,19/08/2024,25/08/2024,Ryan,Aug, $991.56 , $112.13 
15/01/2024,Central,Printer,20, $200.70 ,Store D,Retail,0.1,Alice," $3,612.60 ",Online,FREESHIP,0,REG101160,Cust 3421, $29.60 ,15/01/2024,19/01/2024,Cameron,Jan," $3,583.00 ", $401.40 
08/08/2024,Central,Desk,14, $115.77 ,Store B,Wholesale,0.15,Frank," $1,377.66 ",Credit Card,SAVE10,1,REG101161,Cust 1690, $20.12 ,08/08/2024,11/08/2024,Cameron,Aug," $1,357.54 ", $243.12 
05/10/2024,West,Phone,12, $535.41 ,Store C,Retail,0.1,Frank," $5,782.43 ",Gift Card,,0,REG101162,Cust 2507, $27.82 ,05/10/2024,07/10/2024,Wendy,Oct," $5,754.61 ", $642.49 
13/01/2024,South,Desk,12, $103.59 ,Store A,Retail,0.1,Frank," $1,118.77 ",Debit Card,FREESHIP,0,REG101163,Cust 9880, $48.11 ,13/01/2024,21/01/2024,Sophie,Jan," $1,070.66 ", $124.31 
29/03/2023,West,Laptop,18, $176.32 ,Store B,Wholesale,0.05,Diana," $3,015.07 ",Debit Card,,0,REG101164,Cust 3972, $36.35 ,29/03/2023,04/04/2023,Wendy,Mar," $2,978.72 ", $158.69 
19/10/2023,North,Printer,5, $112.44 ,Store D,Retail,0.1,Bob, $505.98 ,Credit Card,,1,REG101165,Cust 8280, $7.46 ,19/10/2023,23/10/2023,Ryan,Oct, $498.52 , $56.22 
23/10/2023,West,Chair,20, $19.30 ,Store C,Wholesale,0,Bob, $386.00 ,Debit Card,SAVE10,0,REG101166,Cust 4205, $47.23 ,23/10/2023,01/11/2023,Wendy,Oct, $338.77 , $-   
24/03/2023,South,Phone,9, $233.11 ,Store B,Retail,0.05,Eva," $1,993.09 ",Debit Card,WINTER15,0,REG101167,Cust 2579, $31.43 ,24/03/2023,28/03/2023,Sophie,Mar," $1,961.66 ", $104.90 
09/08/2024,West,Printer,17, $66.48 ,Store C,Wholesale,0.15,Eva, $960.64 ,Gift Card,WINTER15,1,REG101168,Cust 7265, $10.79 ,09/08/2024,14/08/2024,Wendy,Aug, $949.85 , $169.52 
26/04/2023,South,Laptop,17, $504.63 ,Store A,Wholesale,0.1,Carlos," $7,720.84 ",Online,WINTER15,1,REG101169,Cust 1199, $48.33 ,26/04/2023,06/05/2023,Sophie,Apr," $7,672.51 ", $857.87 
04/03/2024,West,Tablet,11, $97.84 ,Store B,Retail,0.05,Alice," $1,022.43 ",Debit Card,SAVE10,1,REG101170,Cust 2928, $45.97 ,04/03/2024,12/03/2024,Wendy,Mar, $976.46 , $53.81 
14/02/2023,East,Tablet,7, $468.14 ,Store A,Retail,0.15,Bob," $2,785.43 ",Cash,SAVE10,0,REG101171,Cust 9447, $47.56 ,14/02/2023,17/02/2023,Eric,Feb," $2,737.87 ", $491.55 
28/04/2023,West,Tablet,20, $476.69 ,Store B,Wholesale,0.05,Bob," $9,057.11 ",Online,WINTER15,0,REG101172,Cust 9095, $10.20 ,28/04/2023,03/05/2023,Wendy,Apr," $9,046.91 ", $476.69 
03/03/2024,North,Phone,2, $160.73 ,Store A,Wholesale,0.15,Frank, $273.24 ,Cash,FREESHIP,0,REG101173,Cust 7587, $20.18 ,03/03/2024,11/03/2024,Ryan,Mar, $253.06 , $48.22 
04/09/2024,West,Tablet,9, $228.98 ,Store D,Retail,0.15,Frank," $1,751.70 ",Online,WINTER15,0,REG101174,Cust 2611, $45.79 ,04/09/2024,08/09/2024,Wendy,Sep," $1,705.91 ", $309.12 
30/12/2024,East,Tablet,19, $336.50 ,Store B,Wholesale,0,Alice," $6,393.50 ",Online,WINTER15,0,REG101175,Cust 8284, $27.43 ,30/12/2024,07/01/2025,Eric,Dec," $6,366.07 ", $-   
10/02/2024,East,Printer,18, $411.59 ,Store A,Wholesale,0,Bob," $7,408.62 ",Credit Card,WINTER15,0,REG101176,Cust 8154, $9.62 ,10/02/2024,16/02/2024,Eric,Feb," $7,399.00 ", $-   
07/09/2023,Central,Printer,1, $431.49 ,Store C,Wholesale,0.15,Alice, $366.77 ,Cash,SAVE10,0,REG101177,Cust 5215, $17.53 ,07/09/2023,15/09/2023,Cameron,Sep, $349.24 , $64.72 
11/08/2023,East,Laptop,18, $495.39 ,Store A,Wholesale,0,Carlos," $8,917.02 ",Gift Card,SAVE10,0,REG101178,Cust 5309, $14.88 ,11/08/2023,15/08/2023,Eric,Aug," $8,902.14 ", $-   
12/03/2023,West,Phone,4, $149.30 ,Store A,Wholesale,0.1,Diana, $537.48 ,Debit Card,FREESHIP,0,REG101179,Cust 2016, $47.84 ,12/03/2023,16/03/2023,Wendy,Mar, $489.64 , $59.72 
29/03/2023,Central,Desk,18, $179.97 ,Store C,Wholesale,0.1,Eva," $2,915.51 ",Cash,SAVE10,0,REG101180,Cust 2676, $22.15 ,29/03/2023,31/03/2023,Cameron,Mar," $2,893.36 ", $323.95 
17/02/2025,South,Chair,11, $381.14 ,Store B,Retail,0.05,Frank," $3,982.91 ",Gift Card,FREESHIP,0,REG101181,Cust 7529, $32.83 ,17/02/2025,27/02/2025,Sophie,Feb," $3,950.08 ", $209.63 
07/01/2024,North,Chair,5, $454.62 ,Store C,Wholesale,0.05,Diana," $2,159.45 ",Gift Card,,0,REG101182,Cust 6172, $10.19 ,07/01/2024,15/01/2024,Ryan,Jan," $2,149.26 ", $113.66 
14/01/2023,East,Phone,17, $226.56 ,Store A,Wholesale,0.1,Diana," $3,466.37 ",Gift Card,WINTER15,1,REG101183,Cust 2527, $36.89 ,14/01/2023,20/01/2023,Eric,Jan," $3,429.48 ", $385.15 
03/01/2024,West,Laptop,2, $132.91 ,Store A,Wholesale,0,Bob, $265.82 ,Debit Card,WINTER15,0,REG101184,Cust 1970, $7.76 ,03/01/2024,12/01/2024,Wendy,Jan, $258.06 , $-   
25/08/2023,South,Desk,2, $35.69 ,Store C,Retail,0,Eva, $71.38 ,Debit Card,FREESHIP,0,REG101185,Cust 9543, $39.89 ,25/08/2023,28/08/2023,Sophie,Aug, $31.49 , $-   
16/05/2025,North,Desk,6, $451.93 ,Store A,Wholesale,0.15,Eva," $2,304.84 ",Cash,WINTER15,1,REG101186,Cust 2957, $49.37 ,16/05/2025,25/05/2025,Ryan,May," $2,255.47 ", $406.74 
30/12/2023,South,Laptop,7, $270.47 ,Store D,Wholesale,0.05,Diana," $1,798.63 ",Credit Card,WINTER15,1,REG101187,Cust 2852, $41.56 ,30/12/2023,03/01/2024,Sophie,Dec," $1,757.07 ", $94.66 
06/10/2024,South,Phone,13, $55.46 ,Store A,Retail,0.05,Bob, $684.93 ,Credit Card,FREESHIP,1,REG101188,Cust 6365, $18.01 ,06/10/2024,09/10/2024,Sophie,Oct, $666.92 , $36.05 
12/03/2023,Central,Tablet,17, $515.12 ,Store D,Wholesale,0.15,Bob," $7,443.48 ",Credit Card,SAVE10,1,REG101189,Cust 9159, $32.74 ,12/03/2023,22/03/2023,Cameron,Mar," $7,410.74 "," $1,313.56 "
06/04/2024,North,Phone,1, $256.63 ,Store D,Wholesale,0,Carlos, $256.63 ,Gift Card,FREESHIP,0,REG101190,Cust 3252, $12.97 ,06/04/2024,08/04/2024,Ryan,Apr, $243.66 , $-   
20/01/2023,North,Tablet,4, $423.99 ,Store B,Retail,0.05,Frank," $1,611.16 ",Online,FREESHIP,0,REG101191,Cust 8679, $20.05 ,20/01/2023,25/01/2023,Ryan,Jan," $1,591.11 ", $84.80 
08/07/2024,West,Laptop,15, $77.89 ,Store B,Wholesale,0.05,Diana," $1,109.93 ",Credit Card,,0,REG101192,Cust 5547, $20.87 ,08/07/2024,12/07/2024,Wendy,Jul," $1,089.06 ", $58.42 
06/10/2023,North,Phone,12, $11.95 ,Store A,Retail,0.05,Carlos, $136.23 ,Online,,0,REG101193,Cust 9438, $26.66 ,06/10/2023,16/10/2023,Ryan,Oct, $109.57 , $7.17 
11/09/2023,East,Desk,7, $67.05 ,Store D,Wholesale,0.1,Carlos, $422.42 ,Cash,FREESHIP,0,REG101194,Cust 9092, $36.67 ,11/09/2023,18/09/2023,Eric,Sep, $385.75 , $46.94 
14/09/2023,North,Phone,19, $118.15 ,Store C,Retail,0.15,Frank," $1,908.12 ",Cash,SAVE10,0,REG101195,Cust 7007, $12.95 ,14/09/2023,19/09/2023,Ryan,Sep," $1,895.17 ", $336.73 
06/11/2023,North,Printer,16, $114.47 ,Store B,Wholesale,0.15,Carlos," $1,556.79 ",Online,,0,REG101196,Cust 3001, $43.85 ,06/11/2023,11/11/2023,Ryan,Nov," $1,512.94 ", $274.73 
23/06/2024,North,Monitor,9, $36.21 ,Store C,Wholesale,0.15,Bob, $277.01 ,Credit Card,FREESHIP,0,REG101197,Cust 5771, $6.71 ,23/06/2024,30/06/2024,Ryan,Jun, $270.30 , $48.88 
30/03/2023,West,Printer,10, $52.58 ,Store B,Wholesale,0.1,Eva, $473.22 ,Cash,WINTER15,0,REG101198,Cust 4317, $14.01 ,30/03/2023,09/04/2023,Wendy,Mar, $459.21 , $52.58 
05/10/2024,East,Phone,6, $272.26 ,Store A,Retail,0.1,Carlos," $1,470.20 ",Debit Card,SAVE10,0,REG101199,Cust 3627, $43.67 ,05/10/2024,15/10/2024,Eric,Oct," $1,426.53 ", $163.36 
19/03/2023,Central,Chair,10, $124.97 ,Store D,Retail,0.15,Eva," $1,062.25 ",Gift Card,WINTER15,1,REG101200,Cust 4433, $40.23 ,19/03/2023,29/03/2023,Cameron,Mar," $1,022.02 ", $187.46 
17/03/2025,North,Phone,9, $228.62 ,Store C,Retail,0.05,Eva," $1,954.70 ",Gift Card,SAVE10,0,REG101201,Cust 6231, $31.43 ,17/03/2025,21/03/2025,Ryan,Mar," $1,923.27 ", $102.88 
18/12/2024,Central,Laptop,20, $282.91 ,Store A,Wholesale,0.15,Frank," $4,809.47 ",Debit Card,FREESHIP,0,REG101202,Cust 8987, $8.19 ,18/12/2024,28/12/2024,Cameron,Dec," $4,801.28 ", $848.73 
06/01/2025,West,Tablet,17, $129.62 ,Store D,Retail,0.15,Eva," $1,873.01 ",Online,FREESHIP,0,REG101203,Cust 4510, $24.28 ,06/01/2025,08/01/2025,Wendy,Jan," $1,848.73 ", $330.53 
14/01/2025,Central,Monitor,6, $162.35 ,Store B,Wholesale,0.05,Eva, $925.40 ,Credit Card,SAVE10,1,REG101204,Cust 7003, $19.18 ,14/01/2025,20/01/2025,Cameron,Jan, $906.22 , $48.71 
26/01/2023,South,Printer,14, $209.82 ,Store B,Wholesale,0,Eva," $2,937.48 ",Cash,SAVE10,0,REG101205,Cust 6546, $36.11 ,26/01/2023,30/01/2023,Sophie,Jan," $2,901.37 ", $-   
04/08/2024,North,Laptop,16, $293.44 ,Store D,Wholesale,0.05,Diana," $4,460.29 ",Gift Card,SAVE10,0,REG101206,Cust 2951, $42.56 ,04/08/2024,14/08/2024,Ryan,Aug," $4,417.73 ", $234.75 
13/02/2024,North,Phone,11, $185.52 ,Store D,Wholesale,0.15,Diana," $1,734.61 ",Credit Card,WINTER15,0,REG101207,Cust 4673, $38.53 ,13/02/2024,16/02/2024,Ryan,Feb," $1,696.08 ", $306.11 
11/02/2023,Central,Desk,18, $268.38 ,Store D,Wholesale,0.15,Alice," $4,106.21 ",Cash,FREESHIP,0,REG101208,Cust 5988, $48.38 ,11/02/2023,14/02/2023,Cameron,Feb," $4,057.83 ", $724.63 
17/06/2024,East,Printer,18, $547.05 ,Store C,Wholesale,0.1,Carlos," $8,862.21 ",Cash,FREESHIP,0,REG101209,Cust 3922, $10.99 ,17/06/2024,22/06/2024,Eric,Jun," $8,851.22 ", $984.69 
06/06/2024,South,Laptop,1, $354.21 ,Store A,Wholesale,0.15,Carlos, $301.08 ,Online,,0,REG101210,Cust 9853, $26.16 ,06/06/2024,12/06/2024,Sophie,Jun, $274.92 , $53.13 
26/11/2023,South,Chair,18, $250.93 ,Store C,Wholesale,0.05,Bob," $4,290.90 ",Gift Card,,0,REG101211,Cust 6168, $47.67 ,26/11/2023,02/12/2023,Sophie,Nov," $4,243.23 ", $225.84 
07/04/2024,West,Printer,18, $587.25 ,Store C,Wholesale,0.15,Carlos," $8,984.93 ",Online,,0,REG101212,Cust 3175, $42.15 ,07/04/2024,09/04/2024,Wendy,Apr," $8,942.78 "," $1,585.58 "
03/02/2023,West,Desk,2, $438.06 ,Store B,Retail,0,Frank, $876.12 ,Online,FREESHIP,1,REG101213,Cust 1813, $12.90 ,03/02/2023,09/02/2023,Wendy,Feb, $863.22 , $-   
25/11/2024,East,Chair,14, $6.10 ,Store C,Wholesale,0.15,Carlos, $72.59 ,Online,FREESHIP,1,REG101214,Cust 7749, $10.18 ,25/11/2024,30/11/2024,Eric,Nov, $62.41 , $12.81 
30/06/2024,North,Laptop,2, $80.14 ,Store D,Wholesale,0,Carlos, $160.28 ,Online,FREESHIP,1,REG101215,Cust 3416, $13.41 ,30/06/2024,03/07/2024,Ryan,Jun, $146.87 , $-   
02/08/2023,South,Laptop,11, $66.97 ,Store A,Retail,0.15,Bob, $626.17 ,Gift Card,FREESHIP,1,REG101216,Cust 7066, $20.35 ,02/08/2023,11/08/2023,Sophie,Aug, $605.82 , $110.50 
22/02/2024,South,Chair,6, $181.34 ,Store A,Wholesale,0,Alice," $1,088.04 ",Cash,FREESHIP,0,REG101217,Cust 5180, $27.65 ,22/02/2024,27/02/2024,Sophie,Feb," $1,060.39 ", $-   
29/11/2024,North,Monitor,15, $570.00 ,Store D,Wholesale,0.05,Frank," $8,122.50 ",Gift Card,,0,REG101218,Cust 6246, $7.62 ,29/11/2024,09/12/2024,Ryan,Nov," $8,114.88 ", $427.50 
21/07/2023,North,Monitor,9, $587.79 ,Store D,Wholesale,0.15,Bob," $4,496.59 ",Online,,0,REG101219,Cust 4182, $24.64 ,21/07/2023,31/07/2023,Ryan,Jul," $4,471.95 ", $793.52 
14/04/2023,Central,Phone,6, $196.31 ,Store C,Retail,0.1,Carlos," $1,060.07 ",Online,WINTER15,0,REG101220,Cust 6843, $38.65 ,14/04/2023,17/04/2023,Cameron,Apr," $1,021.42 ", $117.79 
01/02/2023,North,Phone,8, $430.06 ,Store B,Wholesale,0.05,Bob," $3,268.46 ",Debit Card,SAVE10,0,REG101221,Cust 6844, $38.45 ,01/02/2023,05/02/2023,Ryan,Feb," $3,230.01 ", $172.02 
30/06/2024,East,Monitor,14, $429.72 ,Store A,Retail,0.1,Eva," $5,414.47 ",Cash,SAVE10,0,REG101222,Cust 3248, $45.78 ,30/06/2024,05/07/2024,Eric,Jun," $5,368.69 ", $601.61 
18/10/2023,Central,Phone,13, $127.34 ,Store D,Wholesale,0,Alice," $1,655.42 ",Credit Card,WINTER15,0,REG101223,Cust 5226, $6.15 ,18/10/2023,21/10/2023,Cameron,Oct," $1,649.27 ", $-   
04/07/2024,East,Monitor,6, $421.97 ,Store B,Wholesale,0.05,Bob," $2,405.23 ",Cash,WINTER15,0,REG101224,Cust 9804, $41.31 ,04/07/2024,13/07/2024,Eric,Jul," $2,363.92 ", $126.59 
04/07/2024,East,Tablet,5, $225.69 ,Store A,Wholesale,0.15,Carlos, $959.18 ,Gift Card,WINTER15,0,REG101225,Cust 3990, $47.60 ,04/07/2024,12/07/2024,Eric,Jul, $911.58 , $169.27 
27/07/2023,North,Monitor,10, $322.11 ,Store A,Retail,0.15,Diana," $2,737.94 ",Debit Card,WINTER15,0,REG101226,Cust 5106, $28.72 ,27/07/2023,02/08/2023,Ryan,Jul," $2,709.22 ", $483.17 
01/03/2025,West,Desk,4, $209.30 ,Store B,Retail,0.05,Alice, $795.34 ,Gift Card,,0,REG101227,Cust 3448, $6.89 ,01/03/2025,06/03/2025,Wendy,Mar, $788.45 , $41.86 
23/02/2023,Central,Desk,16, $326.16 ,Store C,Wholesale,0.1,Frank," $4,696.70 ",Credit Card,,0,REG101228,Cust 1439, $44.30 ,23/02/2023,25/02/2023,Cameron,Feb," $4,652.40 ", $521.86 
11/01/2023,East,Monitor,13, $515.42 ,Store D,Retail,0,Bob," $6,700.46 ",Online,FREESHIP,0,REG101229,Cust 5342, $43.37 ,11/01/2023,20/01/2023,Eric,Jan," $6,657.09 ", $-   
16/04/2024,West,Tablet,7, $129.83 ,Store A,Wholesale,0,Carlos, $908.81 ,Gift Card,WINTER15,0,REG101230,Cust 4564, $13.12 ,16/04/2024,20/04/2024,Wendy,Apr, $895.69 , $-   
09/03/2024,Central,Monitor,17, $376.15 ,Store C,Retail,0.05,Diana," $6,074.82 ",Gift Card,WINTER15,1,REG101231,Cust 6441, $31.96 ,09/03/2024,12/03/2024,Cameron,Mar," $6,042.86 ", $319.73 
07/10/2024,South,Chair,8, $385.46 ,Store A,Wholesale,0,Bob," $3,083.68 ",Cash,SAVE10,0,REG101232,Cust 7591, $8.89 ,07/10/2024,11/10/2024,Sophie,Oct," $3,074.79 ", $-   
06/10/2023,West,Printer,2, $474.13 ,Store D,Wholesale,0,Carlos, $948.26 ,Gift Card,FREESHIP,1,REG101233,Cust 9778, $14.41 ,06/10/2023,15/10/2023,Wendy,Oct, $933.85 , $-   
08/04/2023,West,Monitor,15, $506.17 ,Store B,Wholesale,0.05,Alice," $7,212.92 ",Online,,0,REG101234,Cust 1195, $41.73 ,08/04/2023,13/04/2023,Wendy,Apr," $7,171.19 ", $379.63 
20/02/2024,South,Phone,1, $67.38 ,Store D,Retail,0.15,Alice, $57.27 ,Credit Card,WINTER15,0,REG101235,Cust 8126, $6.14 ,20/02/2024,27/02/2024,Sophie,Feb, $51.13 , $10.11 
30/01/2023,West,Chair,15, $274.30 ,Store B,Retail,0.15,Frank," $3,497.33 ",Credit Card,,0,REG101236,Cust 4609, $21.56 ,30/01/2023,08/02/2023,Wendy,Jan," $3,475.77 ", $617.18 
12/05/2023,South,Monitor,2, $334.48 ,Store B,Wholesale,0,Alice, $668.96 ,Debit Card,,0,REG101237,Cust 1449, $31.53 ,12/05/2023,20/05/2023,Sophie,May, $637.43 , $-   
08/01/2024,South,Chair,7, $562.60 ,Store A,Retail,0.15,Eva," $3,347.47 ",Online,WINTER15,0,REG101238,Cust 3508, $19.95 ,08/01/2024,12/01/2024,Sophie,Jan," $3,327.52 ", $590.73 
05/06/2024,North,Monitor,7, $14.34 ,Store D,Retail,0.05,Alice, $95.36 ,Debit Card,WINTER15,0,REG101239,Cust 4826, $19.45 ,05/06/2024,08/06/2024,Ryan,Jun, $75.91 , $5.02 
21/05/2025,East,Phone,11, $34.72 ,Store B,Wholesale,0.1,Diana, $343.73 ,Gift Card,FREESHIP,0,REG101240,Cust 1232, $9.31 ,21/05/2025,23/05/2025,Eric,May, $334.42 , $38.19 
21/05/2025,East,Chair,7, $15.06 ,Store A,Retail,0,Alice, $105.42 ,Cash,,1,REG101241,Cust 9675, $46.57 ,21/05/2025,26/05/2025,Eric,May, $58.85 , $-   
05/03/2023,East,Printer,11, $488.17 ,Store B,Wholesale,0.05,Bob," $5,101.38 ",Cash,WINTER15,1,REG101242,Cust 5153, $37.47 ,05/03/2023,11/03/2023,Eric,Mar," $5,063.91 ", $268.49 
27/10/2024,South,Tablet,10, $268.39 ,Store B,Retail,0.05,Alice," $2,549.71 ",Credit Card,SAVE10,0,REG101243,Cust 6330, $25.86 ,27/10/2024,02/11/2024,Sophie,Oct," $2,523.85 ", $134.20 
24/03/2025,North,Tablet,5, $64.18 ,Store C,Retail,0.1,Eva, $288.81 ,Gift Card,SAVE10,0,REG101244,Cust 8277, $21.17 ,24/03/2025,29/03/2025,Ryan,Mar, $267.64 , $32.09 
21/09/2024,West,Phone,15, $466.55 ,Store A,Retail,0.05,Alice," $6,648.34 ",Cash,SAVE10,1,REG101245,Cust 5884, $36.68 ,21/09/2024,27/09/2024,Wendy,Sep," $6,611.66 ", $349.91 
18/05/2025,North,Desk,8, $505.34 ,Store B,Retail,0.05,Bob," $3,840.58 ",Debit Card,,0,REG101246,Cust 4061, $22.88 ,18/05/2025,27/05/2025,Ryan,May," $3,817.70 ", $202.14 
11/07/2024,East,Monitor,6, $100.75 ,Store A,Wholesale,0.1,Frank, $544.05 ,Credit Card,FREESHIP,0,REG101247,Cust 8095, $12.98 ,11/07/2024,14/07/2024,Eric,Jul, $531.07 , $60.45 
27/01/2025,North,Tablet,8, $352.72 ,Store C,Retail,0.05,Carlos," $2,680.67 ",Cash,,0,REG101248,Cust 2435, $30.80 ,27/01/2025,04/02/2025,Ryan,Jan," $2,649.87 ", $141.09 
26/11/2023,East,Laptop,9, $526.26 ,Store B,Retail,0,Bob," $4,736.34 ",Cash,FREESHIP,0,REG101249,Cust 6785, $15.47 ,26/11/2023,06/12/2023,Eric,Nov," $4,720.87 ", $-   
02/06/2024,Central,Printer,18, $519.42 ,Store C,Retail,0.15,Eva," $7,947.13 ",Cash,WINTER15,0,REG101250,Cust 6485, $32.96 ,02/06/2024,04/06/2024,Cameron,Jun," $7,914.17 "," $1,402.43 "
17/01/2023,North,Chair,18, $108.46 ,Store D,Wholesale,0.05,Frank," $1,854.67 ",Online,SAVE10,0,REG101251,Cust 6960, $10.72 ,17/01/2023,24/01/2023,Ryan,Jan," $1,843.95 ", $97.61 
03/05/2025,North,Desk,13, $420.68 ,Store D,Wholesale,0.05,Frank," $5,195.40 ",Online,,0,REG101252,Cust 1135, $24.51 ,03/05/2025,11/05/2025,Ryan,May," $5,170.89 ", $273.44 
05/01/2025,North,Printer,17, $5.91 ,Store A,Wholesale,0.15,Eva, $85.40 ,Online,SAVE10,0,REG101253,Cust 6186, $44.85 ,05/01/2025,13/01/2025,Ryan,Jan, $40.55 , $15.07 
20/02/2024,East,Phone,4, $452.77 ,Store B,Retail,0,Diana," $1,811.08 ",Debit Card,SAVE10,0,REG101254,Cust 8828, $32.01 ,20/02/2024,01/03/2024,Eric,Feb," $1,779.07 ", $-   
26/12/2023,North,Monitor,7, $157.00 ,Store A,Wholesale,0.15,Alice, $934.15 ,Online,SAVE10,1,REG101255,Cust 9097, $39.72 ,26/12/2023,04/01/2024,Ryan,Dec, $894.43 , $164.85 
07/03/2023,North,Printer,11, $550.86 ,Store C,Retail,0.1,Bob," $5,453.51 ",Online,FREESHIP,0,REG101256,Cust 4744, $21.82 ,07/03/2023,12/03/2023,Ryan,Mar," $5,431.69 ", $605.95 
13/09/2024,North,Chair,5, $172.65 ,Store C,Wholesale,0.15,Alice, $733.76 ,Cash,SAVE10,0,REG101257,Cust 4287, $28.30 ,13/09/2024,22/09/2024,Ryan,Sep, $705.46 , $129.49 
02/01/2024,East,Tablet,16, $145.30 ,Store B,Wholesale,0,Eva," $2,324.80 ",Credit Card,FREESHIP,1,REG101258,Cust 2236, $29.64 ,02/01/2024,12/01/2024,Eric,Jan," $2,295.16 ", $-   
08/02/2025,South,Printer,10, $67.38 ,Store C,Retail,0.1,Diana, $606.42 ,Gift Card,FREESHIP,1,REG101259,Cust 5312, $20.58 ,08/02/2025,18/02/2025,Sophie,Feb, $585.84 , $67.38 
04/03/2025,South,Printer,15, $141.13 ,Store D,Wholesale,0,Carlos," $2,116.95 ",Cash,SAVE10,0,REG101260,Cust 5096, $19.63 ,04/03/2025,12/03/2025,Sophie,Mar," $2,097.32 ", $-   
12/03/2024,Central,Tablet,1, $534.61 ,Store D,Retail,0.05,Frank, $507.88 ,Online,SAVE10,0,REG101261,Cust 1162, $22.68 ,12/03/2024,21/03/2024,Cameron,Mar, $485.20 , $26.73 
03/07/2024,East,Phone,9, $560.04 ,Store D,Retail,0.05,Carlos," $4,788.34 ",Gift Card,WINTER15,0,REG101262,Cust 1669, $22.81 ,03/07/2024,07/07/2024,Eric,Jul," $4,765.53 ", $252.02 
05/01/2025,North,Laptop,8, $275.32 ,Store D,Retail,0.1,Diana," $1,982.30 ",Cash,SAVE10,0,REG101263,Cust 6213, $18.26 ,05/01/2025,13/01/2025,Ryan,Jan," $1,964.04 ", $220.26 
21/03/2024,East,Phone,3, $105.73 ,Store D,Retail,0.05,Bob, $301.33 ,Debit Card,FREESHIP,1,REG101264,Cust 7659, $12.12 ,21/03/2024,28/03/2024,Eric,Mar, $289.21 , $15.86 
28/03/2025,Central,Monitor,15, $568.81 ,Store D,Retail,0.1,Frank," $7,678.94 ",Gift Card,,0,REG101265,Cust 2894, $8.54 ,28/03/2025,03/04/2025,Cameron,Mar," $7,670.40 ", $853.22 
13/04/2025,Central,Laptop,20, $190.39 ,Store B,Retail,0.1,Bob," $3,427.02 ",Gift Card,SAVE10,0,REG101266,Cust 1457, $49.93 ,13/04/2025,18/04/2025,Cameron,Apr," $3,377.09 ", $380.78 
30/04/2024,West,Chair,19, $433.39 ,Store C,Retail,0.05,Bob," $7,822.69 ",Online,WINTER15,0,REG101267,Cust 2410, $7.59 ,30/04/2024,09/05/2024,Wendy,Apr," $7,815.10 ", $411.72 
15/02/2025,South,Phone,1, $92.72 ,Store C,Wholesale,0.15,Eva, $78.81 ,Debit Card,WINTER15,0,REG101268,Cust 4723, $48.46 ,15/02/2025,19/02/2025,Sophie,Feb, $30.35 , $13.91 
18/02/2025,West,Laptop,1, $263.28 ,Store D,Wholesale,0.1,Eva, $236.95 ,Credit Card,SAVE10,0,REG101269,Cust 1586, $36.28 ,18/02/2025,23/02/2025,Wendy,Feb, $200.67 , $26.33 
08/09/2023,West,Phone,11, $358.59 ,Store B,Wholesale,0,Frank," $3,944.49 ",Credit Card,,0,REG101270,Cust 5049, $29.19 ,08/09/2023,10/09/2023,Wendy,Sep," $3,915.30 ", $-   
04/02/2024,Central,Tablet,18, $595.53 ,Store B,Retail,0,Frank," $10,719.54 ",Cash,WINTER15,0,REG101271,Cust 9534, $42.91 ,04/02/2024,06/02/2024,Cameron,Feb," $10,676.63 ", $-   
25/11/2024,North,Monitor,14, $574.32 ,Store D,Wholesale,0.15,Diana," $6,834.41 ",Credit Card,SAVE10,0,REG101272,Cust 5693, $12.07 ,25/11/2024,05/12/2024,Ryan,Nov," $6,822.34 "," $1,206.07 "
30/12/2024,North,Laptop,18, $444.13 ,Store D,Retail,0,Frank," $7,994.34 ",Cash,SAVE10,0,REG101273,Cust 6950, $5.41 ,30/12/2024,02/01/2025,Ryan,Dec," $7,988.93 ", $-   
05/09/2023,West,Tablet,19, $431.47 ,Store A,Retail,0.1,Eva," $7,378.14 ",Gift Card,WINTER15,0,REG101274,Cust 7098, $49.23 ,05/09/2023,10/09/2023,Wendy,Sep," $7,328.91 ", $819.79 
01/08/2023,West,Printer,19, $67.49 ,Store C,Retail,0,Frank," $1,282.31 ",Debit Card,SAVE10,0,REG101275,Cust 8300, $32.04 ,01/08/2023,11/08/2023,Wendy,Aug," $1,250.27 ", $-   
06/01/2023,Central,Tablet,11, $25.67 ,Store C,Retail,0.15,Carlos, $240.01 ,Credit Card,SAVE10,0,REG101276,Cust 9557, $30.12 ,06/01/2023,08/01/2023,Cameron,Jan, $209.89 , $42.36 
02/05/2025,Central,Phone,4, $368.69 ,Store D,Wholesale,0,Diana," $1,474.76 ",Gift Card,WINTER15,0,REG101277,Cust 8787, $48.57 ,02/05/2025,06/05/2025,Cameron,May," $1,426.19 ", $-   
21/12/2023,West,Monitor,7, $257.01 ,Store D,Retail,0.05,Eva," $1,709.12 ",Credit Card,,0,REG101278,Cust 9717, $35.52 ,21/12/2023,28/12/2023,Wendy,Dec," $1,673.60 ", $89.95 
10/09/2024,East,Laptop,14, $85.54 ,Store B,Wholesale,0,Frank," $1,197.56 ",Gift Card,FREESHIP,0,REG101279,Cust 2719, $16.08 ,10/09/2024,14/09/2024,Eric,Sep," $1,181.48 ", $-   
05/04/2024,Central,Chair,9, $267.60 ,Store D,Retail,0.15,Eva," $2,047.14 ",Credit Card,FREESHIP,0,REG101280,Cust 6203, $8.48 ,05/04/2024,10/04/2024,Cameron,Apr," $2,038.66 ", $361.26 
26/07/2023,East,Desk,15, $261.85 ,Store D,Wholesale,0.15,Diana," $3,338.59 ",Online,SAVE10,0,REG101281,Cust 9151, $40.68 ,26/07/2023,31/07/2023,Eric,Jul," $3,297.91 ", $589.16 
12/11/2023,East,Printer,11, $199.57 ,Store A,Retail,0.05,Bob," $2,085.51 ",Debit Card,SAVE10,0,REG101282,Cust 5096, $48.94 ,12/11/2023,14/11/2023,Eric,Nov," $2,036.57 ", $109.76 
18/04/2025,Central,Phone,5, $504.96 ,Store C,Retail,0.05,Diana," $2,398.56 ",Gift Card,FREESHIP,0,REG101283,Cust 4250, $22.12 ,18/04/2025,20/04/2025,Cameron,Apr," $2,376.44 ", $126.24 
12/08/2023,South,Chair,8, $28.34 ,Store C,Wholesale,0.05,Alice, $215.38 ,Cash,,1,REG101284,Cust 1276, $23.19 ,12/08/2023,19/08/2023,Sophie,Aug, $192.19 , $11.34 
12/12/2024,West,Printer,17, $495.13 ,Store D,Wholesale,0.1,Alice," $7,575.49 ",Online,FREESHIP,1,REG101285,Cust 6063, $26.37 ,12/12/2024,21/12/2024,Wendy,Dec," $7,549.12 ", $841.72 
07/05/2025,West,Phone,14, $142.05 ,Store D,Retail,0.05,Frank," $1,889.27 ",Gift Card,SAVE10,0,REG101286,Cust 7604, $33.65 ,07/05/2025,13/05/2025,Wendy,May," $1,855.62 ", $99.44 
10/03/2025,East,Chair,16, $504.36 ,Store D,Wholesale,0,Bob," $8,069.76 ",Debit Card,,1,REG101287,Cust 9402, $11.67 ,10/03/2025,13/03/2025,Eric,Mar," $8,058.09 ", $-   
01/06/2025,East,Desk,7, $122.20 ,Store B,Retail,0,Carlos, $855.40 ,Credit Card,,0,REG101288,Cust 4398, $30.21 ,01/06/2025,10/06/2025,Eric,Jun, $825.19 , $-   
19/05/2025,West,Chair,7, $338.42 ,Store B,Retail,0.15,Alice," $2,013.60 ",Online,FREESHIP,0,REG101289,Cust 8770, $5.82 ,19/05/2025,21/05/2025,Wendy,May," $2,007.78 ", $355.34 
08/02/2023,East,Tablet,4, $224.75 ,Store D,Wholesale,0,Frank, $899.00 ,Debit Card,,0,REG101290,Cust 2148, $43.86 ,08/02/2023,16/02/2023,Eric,Feb, $855.14 , $-   
24/04/2025,Central,Desk,16, $509.71 ,Store C,Wholesale,0.1,Carlos," $7,339.82 ",Cash,,0,REG101291,Cust 4107, $41.78 ,24/04/2025,03/05/2025,Cameron,Apr," $7,298.04 ", $815.54 
01/09/2024,North,Tablet,14, $297.56 ,Store B,Wholesale,0.1,Diana," $3,749.26 ",Debit Card,FREESHIP,0,REG101292,Cust 4450, $31.44 ,01/09/2024,08/09/2024,Ryan,Sep," $3,717.82 ", $416.58 
07/11/2024,Central,Printer,13, $365.11 ,Store C,Retail,0.05,Diana," $4,509.11 ",Online,,0,REG101293,Cust 8233, $13.97 ,07/11/2024,13/11/2024,Cameron,Nov," $4,495.14 ", $237.32 
29/11/2024,East,Chair,1, $139.13 ,Store C,Wholesale,0,Carlos, $139.13 ,Cash,,1,REG101294,Cust 9012, $35.92 ,29/11/2024,02/12/2024,Eric,Nov, $103.21 , $-   
10/04/2023,West,Chair,6, $543.89 ,Store C,Retail,0,Bob," $3,263.34 ",Cash,,1,REG101295,Cust 1496, $13.19 ,10/04/2023,20/04/2023,Wendy,Apr," $3,250.15 ", $-   
10/01/2024,North,Printer,19, $219.70 ,Store A,Retail,0,Alice," $4,174.30 ",Cash,FREESHIP,0,REG101296,Cust 9365, $15.38 ,10/01/2024,16/01/2024,Ryan,Jan," $4,158.92 ", $-   
17/05/2025,South,Phone,6, $94.34 ,Store C,Retail,0.05,Alice, $537.74 ,Cash,WINTER15,1,REG101297,Cust 1392, $49.26 ,17/05/2025,23/05/2025,Sophie,May, $488.48 , $28.30 
26/07/2024,Central,Laptop,9, $486.58 ,Store A,Retail,0.15,Alice," $3,722.34 ",Online,FREESHIP,0,REG101298,Cust 3474, $38.72 ,26/07/2024,30/07/2024,Cameron,Jul," $3,683.62 ", $656.88 
26/12/2024,South,Desk,12, $578.86 ,Store D,Retail,0.15,Frank," $5,904.37 ",Cash,FREESHIP,0,REG101299,Cust 2111, $25.84 ,26/12/2024,03/01/2025,Sophie,Dec," $5,878.53 "," $1,041.95 "
23/01/2025,East,Tablet,7, $196.88 ,Store C,Retail,0,Diana," $1,378.16 ",Debit Card,SAVE10,0,REG101300,Cust 9506, $44.92 ,23/01/2025,31/01/2025,Eric,Jan," $1,333.24 ", $-   
25/03/2024,South,Phone,7, $446.32 ,Store B,Wholesale,0.1,Alice," $2,811.82 ",Debit Card,,0,REG101301,Cust 2341, $47.23 ,25/03/2024,01/04/2024,Sophie,Mar," $2,764.59 ", $312.42 
04/03/2025,Central,Tablet,11, $447.38 ,Store D,Wholesale,0,Alice," $4,921.18 ",Gift Card,SAVE10,0,REG101302,Cust 7035, $36.72 ,04/03/2025,11/03/2025,Cameron,Mar," $4,884.46 ", $-   
20/10/2023,South,Desk,14, $275.34 ,Store B,Retail,0.1,Carlos," $3,469.28 ",Online,,1,REG101303,Cust 5935, $32.80 ,20/10/2023,24/10/2023,Sophie,Oct," $3,436.48 ", $385.48 
19/09/2024,Central,Desk,2, $27.64 ,Store B,Retail,0.15,Frank, $46.99 ,Credit Card,FREESHIP,0,REG101304,Cust 3291, $21.73 ,19/09/2024,28/09/2024,Cameron,Sep, $25.26 , $8.29 
23/09/2023,North,Monitor,17, $439.30 ,Store B,Retail,0,Frank," $7,468.10 ",Online,FREESHIP,0,REG101305,Cust 5258, $12.87 ,23/09/2023,26/09/2023,Ryan,Sep," $7,455.23 ", $-   
31/12/2024,East,Printer,15, $573.81 ,Store C,Retail,0,Alice," $8,607.15 ",Gift Card,SAVE10,0,REG101306,Cust 4715, $35.87 ,31/12/2024,02/01/2025,Eric,Dec," $8,571.28 ", $-   
23/01/2024,North,Desk,19, $360.06 ,Store C,Wholesale,0.05,Eva," $6,499.08 ",Debit Card,FREESHIP,0,REG101307,Cust 3106, $33.19 ,23/01/2024,31/01/2024,Ryan,Jan," $6,465.89 ", $342.06 
13/06/2023,East,Laptop,7, $535.20 ,Store C,Retail,0.1,Frank," $3,371.76 ",Debit Card,,0,REG101308,Cust 9606, $10.44 ,13/06/2023,23/06/2023,Eric,Jun," $3,361.32 ", $374.64 
01/07/2023,East,Chair,19, $161.13 ,Store A,Wholesale,0,Diana," $3,061.47 ",Credit Card,FREESHIP,0,REG101309,Cust 9182, $5.46 ,01/07/2023,06/07/2023,Eric,Jul," $3,056.01 ", $-   
22/03/2025,South,Laptop,11, $29.60 ,Store D,Retail,0.15,Carlos, $276.76 ,Cash,FREESHIP,1,REG101310,Cust 6299, $34.96 ,22/03/2025,25/03/2025,Sophie,Mar, $241.80 , $48.84 
07/02/2025,South,Laptop,16, $172.89 ,Store B,Wholesale,0.15,Diana," $2,351.30 ",Credit Card,FREESHIP,1,REG101311,Cust 9628, $41.87 ,07/02/2025,15/02/2025,Sophie,Feb," $2,309.43 ", $414.94 
18/10/2023,North,Phone,5, $48.06 ,Store A,Wholesale,0,Alice, $240.30 ,Gift Card,FREESHIP,0,REG101312,Cust 3831, $19.17 ,18/10/2023,26/10/2023,Ryan,Oct, $221.13 , $-   
02/01/2024,Central,Desk,7, $55.76 ,Store C,Wholesale,0.1,Alice, $351.29 ,Online,,0,REG101313,Cust 7955, $38.98 ,02/01/2024,11/01/2024,Cameron,Jan, $312.31 , $39.03 
08/03/2025,South,Laptop,4, $24.58 ,Store B,Wholesale,0.15,Carlos, $83.57 ,Debit Card,WINTER15,0,REG101314,Cust 3939, $39.87 ,08/03/2025,17/03/2025,Sophie,Mar, $43.70 , $14.75 
03/07/2023,West,Desk,2, $504.82 ,Store D,Retail,0,Carlos," $1,009.64 ",Debit Card,FREESHIP,0,REG101315,Cust 7916, $25.54 ,03/07/2023,08/07/2023,Wendy,Jul, $984.10 , $-   
15/11/2023,North,Tablet,17, $275.89 ,Store B,Wholesale,0.1,Bob," $4,221.12 ",Gift Card,FREESHIP,0,REG101316,Cust 2477, $15.43 ,15/11/2023,22/11/2023,Ryan,Nov," $4,205.69 ", $469.01 
10/02/2024,West,Desk,9, $130.57 ,Store C,Wholesale,0.1,Eva," $1,057.62 ",Cash,WINTER15,0,REG101317,Cust 3781, $37.14 ,10/02/2024,17/02/2024,Wendy,Feb," $1,020.48 ", $117.51 
09/04/2025,West,Monitor,12, $312.72 ,Store C,Retail,0,Eva," $3,752.64 ",Gift Card,,0,REG101318,Cust 2641, $18.46 ,09/04/2025,19/04/2025,Wendy,Apr," $3,734.18 ", $-   
09/09/2023,West,Tablet,18, $222.66 ,Store C,Wholesale,0.05,Alice," $3,807.49 ",Gift Card,SAVE10,0,REG101319,Cust 1969, $12.91 ,09/09/2023,12/09/2023,Wendy,Sep," $3,794.58 ", $200.39 
19/03/2023,East,Phone,13, $374.05 ,Store D,Wholesale,0.05,Diana," $4,619.52 ",Debit Card,FREESHIP,0,REG101320,Cust 4494, $26.32 ,19/03/2023,26/03/2023,Eric,Mar," $4,593.20 ", $243.13 
31/12/2024,Central,Printer,11, $331.29 ,Store B,Wholesale,0.1,Alice," $3,279.77 ",Credit Card,WINTER15,0,REG101321,Cust 8850, $6.22 ,31/12/2024,02/01/2025,Cameron,Dec," $3,273.55 ", $364.42 
24/11/2023,Central,Phone,5, $533.52 ,Store D,Wholesale,0,Carlos," $2,667.60 ",Credit Card,FREESHIP,1,REG101322,Cust 3061, $9.08 ,24/11/2023,26/11/2023,Cameron,Nov," $2,658.52 ", $-   
15/05/2025,East,Chair,10, $492.24 ,Store A,Retail,0,Alice," $4,922.40 ",Gift Card,WINTER15,0,REG101323,Cust 4732, $38.89 ,15/05/2025,22/05/2025,Eric,May," $4,883.51 ", $-   
06/04/2025,South,Tablet,9, $543.57 ,Store D,Retail,0.15,Diana," $4,158.31 ",Debit Card,SAVE10,0,REG101324,Cust 9889, $7.54 ,06/04/2025,11/04/2025,Sophie,Apr," $4,150.77 ", $733.82 
06/02/2024,South,Desk,17, $141.76 ,Store D,Wholesale,0.1,Bob," $2,168.93 ",Cash,WINTER15,1,REG101325,Cust 2165, $9.98 ,06/02/2024,14/02/2024,Sophie,Feb," $2,158.95 ", $240.99 
14/05/2025,North,Laptop,12, $502.70 ,Store D,Wholesale,0.1,Alice," $5,429.16 ",Credit Card,FREESHIP,0,REG101326,Cust 6121, $6.49 ,14/05/2025,20/05/2025,Ryan,May," $5,422.67 ", $603.24 
13/01/2023,East,Tablet,10, $155.43 ,Store D,Wholesale,0.05,Frank," $1,476.59 ",Gift Card,WINTER15,0,REG101327,Cust 4071, $26.49 ,13/01/2023,18/01/2023,Eric,Jan," $1,450.10 ", $77.72 
19/02/2024,North,Tablet,18, $203.73 ,Store B,Wholesale,0,Carlos," $3,667.14 ",Gift Card,SAVE10,1,REG101328,Cust 5249, $24.98 ,19/02/2024,28/02/2024,Ryan,Feb," $3,642.16 ", $-   
07/10/2023,South,Phone,3, $464.11 ,Store B,Wholesale,0.15,Alice," $1,183.48 ",Gift Card,,0,REG101329,Cust 4262, $27.45 ,07/10/2023,12/10/2023,Sophie,Oct," $1,156.03 ", $208.85 
17/09/2024,Central,Chair,2, $442.03 ,Store B,Retail,0.15,Carlos, $751.45 ,Debit Card,WINTER15,0,REG101330,Cust 9314, $28.71 ,17/09/2024,19/09/2024,Cameron,Sep, $722.74 , $132.61 
07/05/2023,North,Phone,7, $82.91 ,Store A,Retail,0.05,Eva, $551.35 ,Debit Card,WINTER15,1,REG101331,Cust 7703, $17.03 ,07/05/2023,17/05/2023,Ryan,May, $534.32 , $29.02 
12/12/2023,North,Phone,13, $468.16 ,Store B,Retail,0.15,Alice," $5,173.17 ",Cash,SAVE10,0,REG101332,Cust 8367, $29.11 ,12/12/2023,21/12/2023,Ryan,Dec," $5,144.06 ", $912.91 
11/03/2025,Central,Tablet,3, $11.32 ,Store C,Retail,0.05,Eva, $32.26 ,Online,WINTER15,0,REG101333,Cust 7872, $16.39 ,11/03/2025,14/03/2025,Cameron,Mar, $15.87 , $1.70 
29/03/2024,East,Chair,1, $378.36 ,Store A,Retail,0.05,Eva, $359.44 ,Cash,,0,REG101334,Cust 4732, $7.59 ,29/03/2024,07/04/2024,Eric,Mar, $351.85 , $18.92 
28/07/2024,West,Tablet,6, $61.06 ,Store D,Wholesale,0,Bob, $366.36 ,Debit Card,SAVE10,1,REG101335,Cust 1007, $49.09 ,28/07/2024,05/08/2024,Wendy,Jul, $317.27 , $-   
11/07/2024,South,Tablet,14, $98.06 ,Store A,Wholesale,0.1,Alice," $1,235.56 ",Debit Card,SAVE10,1,REG101336,Cust 1946, $10.34 ,11/07/2024,21/07/2024,Sophie,Jul," $1,225.22 ", $137.28 
05/07/2024,West,Laptop,16, $123.86 ,Store A,Wholesale,0.15,Alice," $1,684.50 ",Gift Card,,1,REG101337,Cust 6347, $18.02 ,05/07/2024,14/07/2024,Wendy,Jul," $1,666.48 ", $297.26 
19/03/2024,East,Laptop,16, $90.30 ,Store C,Wholesale,0.05,Diana," $1,372.56 ",Online,WINTER15,0,REG101338,Cust 6499, $25.25 ,19/03/2024,24/03/2024,Eric,Mar," $1,347.31 ", $72.24 
25/12/2023,Central,Tablet,18, $470.91 ,Store C,Wholesale,0.1,Eva," $7,628.74 ",Gift Card,FREESHIP,0,REG101339,Cust 1420, $14.87 ,25/12/2023,29/12/2023,Cameron,Dec," $7,613.87 ", $847.64 
03/12/2024,South,Monitor,12, $383.45 ,Store C,Retail,0,Bob," $4,601.40 ",Debit Card,FREESHIP,0,REG101340,Cust 6744, $11.62 ,03/12/2024,05/12/2024,Sophie,Dec," $4,589.78 ", $-   
08/09/2023,East,Tablet,20, $293.94 ,Store B,Retail,0.15,Alice," $4,996.98 ",Credit Card,SAVE10,0,REG101341,Cust 5690, $9.29 ,08/09/2023,15/09/2023,Eric,Sep," $4,987.69 ", $881.82 
05/01/2024,East,Desk,2, $454.01 ,Store B,Wholesale,0,Diana, $908.02 ,Online,WINTER15,0,REG101342,Cust 1265, $9.78 ,05/01/2024,07/01/2024,Eric,Jan, $898.24 , $-   
03/08/2023,South,Chair,5, $163.55 ,Store D,Retail,0.05,Frank, $776.86 ,Cash,,0,REG101343,Cust 7676, $28.90 ,03/08/2023,10/08/2023,Sophie,Aug, $747.96 , $40.89 
11/02/2025,North,Monitor,12, $141.61 ,Store B,Wholesale,0,Frank," $1,699.32 ",Credit Card,WINTER15,0,REG101344,Cust 4442, $11.72 ,11/02/2025,21/02/2025,Ryan,Feb," $1,687.60 ", $-   
17/06/2023,South,Chair,6, $332.18 ,Store B,Wholesale,0.1,Bob," $1,793.77 ",Online,WINTER15,0,REG101345,Cust 2975, $21.95 ,17/06/2023,21/06/2023,Sophie,Jun," $1,771.82 ", $199.31 
05/02/2024,Central,Monitor,14, $463.96 ,Store D,Retail,0.15,Diana," $5,521.12 ",Gift Card,,0,REG101346,Cust 7832, $29.19 ,05/02/2024,14/02/2024,Cameron,Feb," $5,491.93 ", $974.32 
17/03/2024,South,Desk,10, $68.27 ,Store A,Wholesale,0.15,Diana, $580.30 ,Credit Card,,0,REG101347,Cust 7753, $24.33 ,17/03/2024,27/03/2024,Sophie,Mar, $555.97 , $102.41 
03/02/2024,Central,Laptop,8, $27.01 ,Store C,Wholesale,0.05,Eva, $205.28 ,Online,FREESHIP,1,REG101348,Cust 8639, $42.65 ,03/02/2024,09/02/2024,Cameron,Feb, $162.63 , $10.80 
31/03/2023,North,Tablet,9, $78.80 ,Store D,Retail,0.1,Alice, $638.28 ,Online,FREESHIP,0,REG101349,Cust 9878, $9.29 ,31/03/2023,10/04/2023,Ryan,Mar, $628.99 , $70.92 
18/08/2023,West,Tablet,16, $174.68 ,Store B,Wholesale,0.15,Frank," $2,375.65 ",Credit Card,,0,REG101350,Cust 4205, $45.99 ,18/08/2023,22/08/2023,Wendy,Aug," $2,329.66 ", $419.23 
10/09/2023,Central,Printer,4, $306.06 ,Store C,Wholesale,0.05,Carlos," $1,163.03 ",Gift Card,SAVE10,1,REG101351,Cust 4009, $32.75 ,10/09/2023,13/09/2023,Cameron,Sep," $1,130.28 ", $61.21 
29/01/2024,South,Tablet,12, $164.22 ,Store C,Retail,0,Bob," $1,970.64 ",Credit Card,FREESHIP,0,REG101352,Cust 6499, $21.46 ,29/01/2024,03/02/2024,Sophie,Jan," $1,949.18 ", $-   
21/03/2024,North,Tablet,20, $336.29 ,Store C,Retail,0,Eva," $6,725.80 ",Gift Card,FREESHIP,0,REG101353,Cust 4389, $25.02 ,21/03/2024,30/03/2024,Ryan,Mar," $6,700.78 ", $-   
03/08/2024,West,Tablet,7, $180.25 ,Store D,Retail,0.1,Diana," $1,135.58 ",Gift Card,WINTER15,0,REG101354,Cust 2008, $36.79 ,03/08/2024,05/08/2024,Wendy,Aug," $1,098.79 ", $126.18 
05/05/2025,North,Monitor,1, $21.75 ,Store C,Retail,0,Alice, $21.75 ,Cash,FREESHIP,0,REG101355,Cust 6509, $7.35 ,05/05/2025,14/05/2025,Ryan,May, $14.40 , $-   
08/02/2023,West,Tablet,13, $149.16 ,Store C,Retail,0.1,Eva," $1,745.17 ",Cash,,1,REG101356,Cust 4270, $20.90 ,08/02/2023,16/02/2023,Wendy,Feb," $1,724.27 ", $193.91 
26/05/2023,Central,Chair,7, $220.90 ,Store A,Wholesale,0.15,Bob," $1,314.36 ",Gift Card,FREESHIP,0,REG101357,Cust 4414, $15.25 ,26/05/2023,05/06/2023,Cameron,May," $1,299.11 ", $231.95 
15/07/2024,East,Chair,1, $364.27 ,Store A,Retail,0.1,Alice, $327.84 ,Debit Card,WINTER15,0,REG101358,Cust 6409, $8.91 ,15/07/2024,22/07/2024,Eric,Jul, $318.93 , $36.43 
18/12/2024,North,Monitor,9, $306.42 ,Store C,Wholesale,0,Bob," $2,757.78 ",Online,,0,REG101359,Cust 1621, $15.81 ,18/12/2024,27/12/2024,Ryan,Dec," $2,741.97 ", $-   
29/09/2024,North,Tablet,18, $589.00 ,Store B,Wholesale,0.1,Diana," $9,541.80 ",Cash,WINTER15,0,REG101360,Cust 6790, $37.78 ,29/09/2024,08/10/2024,Ryan,Sep," $9,504.02 "," $1,060.20 "
25/10/2024,South,Desk,16, $249.45 ,Store C,Wholesale,0.1,Alice," $3,592.08 ",Cash,FREESHIP,0,REG101361,Cust 4045, $20.92 ,25/10/2024,01/11/2024,Sophie,Oct," $3,571.16 ", $399.12 
06/01/2025,North,Monitor,20, $440.32 ,Store C,Retail,0.05,Alice," $8,366.08 ",Debit Card,SAVE10,1,REG101362,Cust 1258, $6.17 ,06/01/2025,16/01/2025,Ryan,Jan," $8,359.91 ", $440.32 
19/11/2023,Central,Tablet,3, $101.34 ,Store A,Wholesale,0,Carlos, $304.02 ,Debit Card,,0,REG101363,Cust 8051, $23.15 ,19/11/2023,21/11/2023,Cameron,Nov, $280.87 , $-   
11/04/2024,South,Phone,17, $311.61 ,Store A,Retail,0.05,Eva," $5,032.50 ",Online,,1,REG101364,Cust 9371, $29.90 ,11/04/2024,17/04/2024,Sophie,Apr," $5,002.60 ", $264.87 
30/03/2024,South,Monitor,2, $441.18 ,Store B,Retail,0.15,Bob, $750.01 ,Cash,,1,REG101365,Cust 9881, $23.07 ,30/03/2024,06/04/2024,Sophie,Mar, $726.94 , $132.35 
25/11/2024,North,Chair,20, $286.66 ,Store D,Retail,0.1,Carlos," $5,159.88 ",Debit Card,WINTER15,0,REG101366,Cust 2153, $15.54 ,25/11/2024,29/11/2024,Ryan,Nov," $5,144.34 ", $573.32 
06/01/2025,North,Printer,13, $483.63 ,Store A,Retail,0.05,Carlos," $5,972.83 ",Cash,FREESHIP,0,REG101367,Cust 9189, $18.22 ,06/01/2025,15/01/2025,Ryan,Jan," $5,954.61 ", $314.36 
15/04/2023,West,Tablet,8, $304.15 ,Store B,Wholesale,0.05,Carlos," $2,311.54 ",Debit Card,,0,REG101368,Cust 8802, $41.73 ,15/04/2023,18/04/2023,Wendy,Apr," $2,269.81 ", $121.66 
07/02/2024,East,Printer,10, $452.21 ,Store A,Retail,0.1,Eva," $4,069.89 ",Cash,WINTER15,0,REG101369,Cust 8707, $15.87 ,07/02/2024,17/02/2024,Eric,Feb," $4,054.02 ", $452.21 
02/06/2023,East,Printer,4, $248.16 ,Store B,Retail,0.1,Diana, $893.38 ,Credit Card,,1,REG101370,Cust 5638, $45.11 ,02/06/2023,05/06/2023,Eric,Jun, $848.27 , $99.26 
24/08/2023,East,Laptop,4, $520.00 ,Store A,Retail,0,Eva," $2,080.00 ",Credit Card,WINTER15,0,REG101371,Cust 6036, $18.25 ,24/08/2023,02/09/2023,Eric,Aug," $2,061.75 ", $-   
06/12/2024,South,Chair,11, $571.07 ,Store A,Retail,0,Frank," $6,281.77 ",Gift Card,SAVE10,0,REG101372,Cust 5504, $12.60 ,06/12/2024,11/12/2024,Sophie,Dec," $6,269.17 ", $-   
08/12/2023,East,Tablet,11, $65.57 ,Store D,Retail,0.1,Diana, $649.14 ,Debit Card,SAVE10,1,REG101373,Cust 1161, $30.43 ,08/12/2023,14/12/2023,Eric,Dec, $618.71 , $72.13 
12/05/2023,South,Tablet,4, $397.02 ,Store A,Wholesale,0,Frank," $1,588.08 ",Cash,FREESHIP,0,REG101374,Cust 5420, $23.25 ,12/05/2023,20/05/2023,Sophie,May," $1,564.83 ", $-   
24/04/2025,West,Laptop,10, $169.35 ,Store B,Retail,0.05,Alice," $1,608.83 ",Credit Card,WINTER15,0,REG101375,Cust 7745, $44.91 ,24/04/2025,27/04/2025,Wendy,Apr," $1,563.92 ", $84.68 
23/04/2023,Central,Tablet,9, $340.44 ,Store D,Retail,0.05,Carlos," $2,910.76 ",Debit Card,FREESHIP,1,REG101376,Cust 4365, $36.68 ,23/04/2023,03/05/2023,Cameron,Apr," $2,874.08 ", $153.20 
18/01/2023,North,Monitor,1, $120.20 ,Store D,Retail,0.05,Carlos, $114.19 ,Online,WINTER15,0,REG101377,Cust 3291, $44.99 ,18/01/2023,21/01/2023,Ryan,Jan, $69.20 , $6.01 
11/05/2025,North,Phone,13, $169.39 ,Store B,Wholesale,0.15,Diana," $1,871.76 ",Credit Card,,0,REG101378,Cust 9020, $6.81 ,11/05/2025,21/05/2025,Ryan,May," $1,864.95 ", $330.31 
23/12/2024,West,Tablet,10, $170.72 ,Store A,Wholesale,0.05,Frank," $1,621.84 ",Online,FREESHIP,0,REG101379,Cust 2667, $29.18 ,23/12/2024,02/01/2025,Wendy,Dec," $1,592.66 ", $85.36 
20/08/2023,West,Desk,9, $323.77 ,Store A,Wholesale,0.15,Carlos," $2,476.84 ",Debit Card,,0,REG101380,Cust 6158, $6.36 ,20/08/2023,28/08/2023,Wendy,Aug," $2,470.48 ", $437.09 
18/03/2025,Central,Chair,4, $481.86 ,Store B,Wholesale,0,Bob," $1,927.44 ",Online,FREESHIP,0,REG101381,Cust 7404, $21.92 ,18/03/2025,23/03/2025,Cameron,Mar," $1,905.52 ", $-   
16/01/2024,Central,Phone,4, $78.05 ,Store A,Retail,0,Carlos, $312.20 ,Credit Card,,0,REG101382,Cust 8572, $14.03 ,16/01/2024,24/01/2024,Cameron,Jan, $298.17 , $-   
29/05/2024,East,Tablet,6, $57.40 ,Store C,Wholesale,0.1,Eva, $309.96 ,Debit Card,FREESHIP,0,REG101383,Cust 1043, $26.42 ,29/05/2024,08/06/2024,Eric,May, $283.54 , $34.44 
25/03/2025,South,Laptop,9, $454.98 ,Store B,Wholesale,0.15,Eva," $3,480.60 ",Credit Card,,0,REG101384,Cust 1766, $40.76 ,25/03/2025,27/03/2025,Sophie,Mar," $3,439.84 ", $614.22 
22/03/2025,Central,Desk,11, $365.75 ,Store D,Wholesale,0.05,Bob," $3,822.09 ",Debit Card,FREESHIP,1,REG101385,Cust 4461, $8.37 ,22/03/2025,27/03/2025,Cameron,Mar," $3,813.72 ", $201.16 
17/08/2024,East,Phone,7, $106.88 ,Store C,Retail,0.05,Diana, $710.75 ,Cash,WINTER15,1,REG101386,Cust 4390, $26.12 ,17/08/2024,24/08/2024,Eric,Aug, $684.63 , $37.41 
02/06/2024,South,Printer,2, $250.98 ,Store B,Wholesale,0.1,Eva, $451.76 ,Online,WINTER15,0,REG101387,Cust 9451, $18.80 ,02/06/2024,12/06/2024,Sophie,Jun, $432.96 , $50.20 
31/03/2023,South,Monitor,8, $591.29 ,Store C,Retail,0.1,Diana," $4,257.29 ",Credit Card,,1,REG101388,Cust 5335, $45.14 ,31/03/2023,10/04/2023,Sophie,Mar," $4,212.15 ", $473.03 
19/05/2024,West,Monitor,18, $369.79 ,Store A,Wholesale,0.05,Eva," $6,323.41 ",Cash,FREESHIP,1,REG101389,Cust 3487, $16.40 ,19/05/2024,23/05/2024,Wendy,May," $6,307.01 ", $332.81 
02/03/2023,West,Desk,15, $166.24 ,Store D,Wholesale,0.1,Diana," $2,244.24 ",Debit Card,SAVE10,0,REG101390,Cust 7613, $9.86 ,02/03/2023,05/03/2023,Wendy,Mar," $2,234.38 ", $249.36 
13/03/2023,North,Printer,12, $260.76 ,Store C,Wholesale,0.15,Carlos," $2,659.75 ",Online,,0,REG101391,Cust 9436, $20.92 ,13/03/2023,22/03/2023,Ryan,Mar," $2,638.83 ", $469.37 
16/04/2025,West,Laptop,10, $348.63 ,Store D,Wholesale,0.05,Diana," $3,311.99 ",Credit Card,,1,REG101392,Cust 2197, $42.79 ,16/04/2025,18/04/2025,Wendy,Apr," $3,269.20 ", $174.32 
05/06/2024,North,Chair,5, $473.28 ,Store A,Retail,0,Diana," $2,366.40 ",Credit Card,SAVE10,1,REG101393,Cust 5620, $30.69 ,05/06/2024,15/06/2024,Ryan,Jun," $2,335.71 ", $-   
01/09/2024,North,Chair,16, $401.83 ,Store B,Retail,0,Eva," $6,429.28 ",Cash,FREESHIP,0,REG101394,Cust 4101, $21.54 ,01/09/2024,05/09/2024,Ryan,Sep," $6,407.74 ", $-   
21/09/2024,North,Phone,10, $269.29 ,Store C,Retail,0,Eva," $2,692.90 ",Debit Card,SAVE10,0,REG101395,Cust 8828, $14.09 ,21/09/2024,30/09/2024,Ryan,Sep," $2,678.81 ", $-   
11/01/2025,North,Desk,4, $323.02 ,Store C,Retail,0.05,Diana," $1,227.48 ",Cash,,0,REG101396,Cust 3187, $19.53 ,11/01/2025,16/01/2025,Ryan,Jan," $1,207.95 ", $64.60 
04/01/2023,West,Monitor,15, $439.89 ,Store D,Retail,0.15,Diana," $5,608.60 ",Online,FREESHIP,0,REG101397,Cust 1081, $49.71 ,04/01/2023,08/01/2023,Wendy,Jan," $5,558.89 ", $989.75 
02/05/2023,West,Monitor,16, $483.09 ,Store C,Wholesale,0.05,Alice," $7,342.97 ",Debit Card,,1,REG101398,Cust 5049, $37.66 ,02/05/2023,05/05/2023,Wendy,May," $7,305.31 ", $386.47 
09/07/2023,East,Phone,13, $27.39 ,Store B,Retail,0.15,Frank, $302.66 ,Cash,,0,REG101399,Cust 5409, $22.95 ,09/07/2023,14/07/2023,Eric,Jul, $279.71 , $53.41 
27/02/2025,East,Monitor,18, $432.52 ,Store D,Retail,0.05,Bob," $7,396.09 ",Credit Card,SAVE10,1,REG101400,Cust 2372, $34.19 ,27/02/2025,04/03/2025,Eric,Feb," $7,361.90 ", $389.27 
23/09/2024,West,Printer,3, $360.93 ,Store B,Wholesale,0.15,Diana, $920.37 ,Debit Card,WINTER15,0,REG101401,Cust 2741, $35.61 ,23/09/2024,29/09/2024,Wendy,Sep, $884.76 , $162.42 
22/06/2025,East,Tablet,5, $414.58 ,Store B,Retail,0.1,Diana," $1,865.61 ",Gift Card,,0,REG101402,Cust 2571, $14.98 ,22/06/2025,01/07/2025,Eric,Jun," $1,850.63 ", $207.29 
19/01/2025,Central,Tablet,4, $68.04 ,Store C,Wholesale,0,Bob, $272.16 ,Online,FREESHIP,0,REG101403,Cust 6301, $18.72 ,19/01/2025,28/01/2025,Cameron,Jan, $253.44 , $-   
03/02/2025,East,Phone,10, $407.99 ,Store C,Retail,0.15,Eva," $3,467.92 ",Cash,,0,REG101404,Cust 7918, $49.59 ,03/02/2025,08/02/2025,Eric,Feb," $3,418.33 ", $611.99 
11/11/2023,East,Tablet,15, $274.77 ,Store D,Retail,0,Eva," $4,121.55 ",Cash,,1,REG101405,Cust 3456, $19.37 ,11/11/2023,17/11/2023,Eric,Nov," $4,102.18 ", $-   
08/05/2024,East,Desk,15, $31.81 ,Store C,Wholesale,0.15,Eva, $405.58 ,Cash,SAVE10,0,REG101406,Cust 8272, $23.61 ,08/05/2024,10/05/2024,Eric,May, $381.97 , $71.57 
18/09/2023,South,Printer,14, $268.32 ,Store D,Retail,0,Frank," $3,756.48 ",Online,WINTER15,0,REG101407,Cust 7302, $43.14 ,18/09/2023,27/09/2023,Sophie,Sep," $3,713.34 ", $-   
05/04/2025,Central,Tablet,19, $350.12 ,Store D,Retail,0.05,Alice," $6,319.67 ",Credit Card,FREESHIP,0,REG101408,Cust 6716, $48.98 ,05/04/2025,13/04/2025,Cameron,Apr," $6,270.69 ", $332.61 
13/09/2023,Central,Desk,9, $329.15 ,Store A,Retail,0.05,Diana," $2,814.23 ",Gift Card,FREESHIP,0,REG101409,Cust 5484, $29.41 ,13/09/2023,15/09/2023,Cameron,Sep," $2,784.82 ", $148.12 
28/06/2024,East,Monitor,1, $577.07 ,Store C,Wholesale,0.05,Frank, $548.22 ,Online,WINTER15,0,REG101410,Cust 4652, $22.97 ,28/06/2024,06/07/2024,Eric,Jun, $525.25 , $28.85 
06/04/2023,Central,Chair,6, $544.33 ,Store B,Wholesale,0.1,Carlos," $2,939.38 ",Cash,,0,REG101411,Cust 1222, $11.52 ,06/04/2023,08/04/2023,Cameron,Apr," $2,927.86 ", $326.60 
13/05/2023,South,Laptop,18, $331.45 ,Store D,Retail,0.15,Alice," $5,071.19 ",Cash,WINTER15,1,REG101412,Cust 3559, $32.92 ,13/05/2023,18/05/2023,Sophie,May," $5,038.27 ", $894.92 
07/05/2025,East,Laptop,1, $421.26 ,Store D,Retail,0.1,Eva, $379.13 ,Debit Card,FREESHIP,0,REG101413,Cust 1287, $36.34 ,07/05/2025,15/05/2025,Eric,May, $342.79 , $42.13 
22/03/2025,North,Tablet,4, $555.02 ,Store B,Retail,0.1,Diana," $1,998.07 ",Cash,SAVE10,0,REG101414,Cust 5444, $45.25 ,22/03/2025,27/03/2025,Ryan,Mar," $1,952.82 ", $222.01 
24/06/2024,South,Laptop,19, $254.03 ,Store C,Wholesale,0,Frank," $4,826.57 ",Online,SAVE10,1,REG101415,Cust 4018, $11.21 ,24/06/2024,02/07/2024,Sophie,Jun," $4,815.36 ", $-   
29/06/2025,West,Tablet,9, $533.93 ,Store D,Retail,0.15,Frank," $4,084.56 ",Gift Card,,0,REG101416,Cust 6355, $34.76 ,29/06/2025,03/07/2025,Wendy,Jun," $4,049.80 ", $720.81 
01/04/2024,West,Desk,7, $241.35 ,Store B,Wholesale,0.1,Diana," $1,520.51 ",Credit Card,SAVE10,0,REG101417,Cust 6620, $42.43 ,01/04/2024,10/04/2024,Wendy,Apr," $1,478.08 ", $168.95 
04/06/2024,North,Tablet,11, $160.37 ,Store B,Wholesale,0.05,Carlos," $1,675.87 ",Cash,,0,REG101418,Cust 4092, $36.05 ,04/06/2024,14/06/2024,Ryan,Jun," $1,639.82 ", $88.20 
30/03/2023,East,Tablet,1, $419.10 ,Store B,Wholesale,0.1,Carlos, $377.19 ,Gift Card,SAVE10,1,REG101419,Cust 4812, $38.81 ,30/03/2023,06/04/2023,Eric,Mar, $338.38 , $41.91 
26/03/2025,East,Laptop,13, $138.72 ,Store D,Wholesale,0.15,Carlos," $1,532.86 ",Cash,WINTER15,1,REG101420,Cust 8389, $17.89 ,26/03/2025,28/03/2025,Eric,Mar," $1,514.97 ", $270.50 
22/08/2023,West,Monitor,8, $461.04 ,Store B,Retail,0,Alice," $3,688.32 ",Online,FREESHIP,0,REG101421,Cust 4529, $13.62 ,22/08/2023,24/08/2023,Wendy,Aug," $3,674.70 ", $-   
16/04/2024,South,Phone,6, $524.19 ,Store D,Retail,0.15,Frank," $2,673.37 ",Cash,WINTER15,0,REG101422,Cust 2365, $31.04 ,16/04/2024,20/04/2024,Sophie,Apr," $2,642.33 ", $471.77 
11/05/2025,Central,Chair,16, $305.21 ,Store A,Wholesale,0.1,Alice," $4,395.02 ",Debit Card,SAVE10,0,REG101423,Cust 6361, $33.37 ,11/05/2025,19/05/2025,Cameron,May," $4,361.65 ", $488.34 
11/12/2023,North,Printer,16, $438.71 ,Store C,Retail,0,Alice," $7,019.36 ",Online,,0,REG101424,Cust 4228, $6.53 ,11/12/2023,21/12/2023,Ryan,Dec," $7,012.83 ", $-   
16/01/2023,North,Printer,10, $193.96 ,Store D,Wholesale,0.1,Alice," $1,745.64 ",Gift Card,,0,REG101425,Cust 3940, $41.30 ,16/01/2023,21/01/2023,Ryan,Jan," $1,704.34 ", $193.96 
10/05/2023,East,Phone,18, $580.42 ,Store A,Wholesale,0.05,Bob," $9,925.18 ",Online,SAVE10,0,REG101426,Cust 4392, $37.81 ,10/05/2023,17/05/2023,Eric,May," $9,887.37 ", $522.38 
22/06/2024,Central,Monitor,18, $91.55 ,Store C,Retail,0.1,Alice," $1,483.11 ",Debit Card,FREESHIP,0,REG101427,Cust 4404, $32.54 ,22/06/2024,29/06/2024,Cameron,Jun," $1,450.57 ", $164.79 
29/03/2025,West,Tablet,13, $113.78 ,Store C,Wholesale,0.1,Eva," $1,331.23 ",Online,FREESHIP,0,REG101428,Cust 2981, $28.07 ,29/03/2025,07/04/2025,Wendy,Mar," $1,303.16 ", $147.91 
18/04/2023,North,Tablet,16, $477.91 ,Store A,Wholesale,0,Carlos," $7,646.56 ",Credit Card,WINTER15,0,REG101429,Cust 3571, $21.89 ,18/04/2023,23/04/2023,Ryan,Apr," $7,624.67 ", $-   
07/02/2023,Central,Laptop,14, $306.39 ,Store A,Retail,0.1,Eva," $3,860.51 ",Cash,WINTER15,0,REG101430,Cust 2592, $38.73 ,07/02/2023,09/02/2023,Cameron,Feb," $3,821.78 ", $428.95 
22/01/2025,East,Tablet,17, $8.33 ,Store A,Retail,0.05,Eva, $134.53 ,Cash,,0,REG101431,Cust 6209, $43.29 ,22/01/2025,25/01/2025,Eric,Jan, $91.24 , $7.08 
04/07/2023,East,Phone,6, $346.86 ,Store C,Retail,0.05,Eva," $1,977.10 ",Gift Card,FREESHIP,0,REG101432,Cust 6600, $29.18 ,04/07/2023,12/07/2023,Eric,Jul," $1,947.92 ", $104.06 
31/07/2023,Central,Desk,14, $223.26 ,Store B,Wholesale,0.1,Alice," $2,813.08 ",Credit Card,WINTER15,0,REG101433,Cust 6899, $12.88 ,31/07/2023,03/08/2023,Cameron,Jul," $2,800.20 ", $312.56 
20/04/2023,North,Desk,6, $529.10 ,Store D,Wholesale,0,Eva," $3,174.60 ",Debit Card,WINTER15,0,REG101434,Cust 1563, $5.13 ,20/04/2023,27/04/2023,Ryan,Apr," $3,169.47 ", $-   
08/10/2024,Central,Tablet,11, $97.34 ,Store D,Wholesale,0.1,Carlos, $963.67 ,Debit Card,SAVE10,0,REG101435,Cust 6733, $10.61 ,08/10/2024,11/10/2024,Cameron,Oct, $953.06 , $107.07 
25/01/2024,East,Chair,11, $422.89 ,Store B,Retail,0.1,Frank," $4,186.61 ",Credit Card,SAVE10,0,REG101436,Cust 7635, $45.89 ,25/01/2024,27/01/2024,Eric,Jan," $4,140.72 ", $465.18 
16/12/2024,South,Monitor,4, $557.17 ,Store C,Wholesale,0.05,Frank," $2,117.25 ",Credit Card,,0,REG101437,Cust 4354, $32.16 ,16/12/2024,25/12/2024,Sophie,Dec," $2,085.09 ", $111.43 
24/10/2024,Central,Printer,9, $459.65 ,Store B,Retail,0.1,Bob," $3,723.17 ",Gift Card,WINTER15,1,REG101438,Cust 1462, $22.24 ,24/10/2024,01/11/2024,Cameron,Oct," $3,700.93 ", $413.69 
16/11/2023,West,Monitor,8, $493.35 ,Store A,Retail,0.1,Alice," $3,552.12 ",Cash,FREESHIP,1,REG101439,Cust 1376, $12.86 ,16/11/2023,20/11/2023,Wendy,Nov," $3,539.26 ", $394.68 
31/03/2024,South,Laptop,13, $428.59 ,Store D,Retail,0,Bob," $5,571.67 ",Cash,FREESHIP,0,REG101440,Cust 6542, $23.89 ,31/03/2024,08/04/2024,Sophie,Mar," $5,547.78 ", $-   
13/02/2023,East,Laptop,7, $242.11 ,Store C,Wholesale,0.05,Eva," $1,610.03 ",Debit Card,WINTER15,0,REG101441,Cust 1186, $47.19 ,13/02/2023,18/02/2023,Eric,Feb," $1,562.84 ", $84.74 
20/09/2023,South,Tablet,17, $477.38 ,Store C,Retail,0.05,Alice," $7,709.69 ",Gift Card,FREESHIP,0,REG101442,Cust 4386, $35.28 ,20/09/2023,27/09/2023,Sophie,Sep," $7,674.41 ", $405.77 
27/06/2023,South,Chair,3, $261.60 ,Store D,Retail,0.05,Diana, $745.56 ,Cash,WINTER15,0,REG101443,Cust 6708, $42.11 ,27/06/2023,07/07/2023,Sophie,Jun, $703.45 , $39.24 
02/04/2025,Central,Laptop,6, $416.20 ,Store A,Wholesale,0.05,Alice," $2,372.34 ",Cash,WINTER15,1,REG101444,Cust 6354, $44.14 ,02/04/2025,06/04/2025,Cameron,Apr," $2,328.20 ", $124.86 
16/04/2025,North,Printer,15, $99.66 ,Store A,Wholesale,0,Eva," $1,494.90 ",Cash,FREESHIP,0,REG101445,Cust 3477, $27.55 ,16/04/2025,26/04/2025,Ryan,Apr," $1,467.35 ", $-   
09/07/2024,Central,Laptop,16, $55.56 ,Store D,Wholesale,0.15,Frank, $755.62 ,Cash,,1,REG101446,Cust 6646, $17.81 ,09/07/2024,17/07/2024,Cameron,Jul, $737.81 , $133.34 
23/06/2025,East,Phone,20, $243.47 ,Store A,Wholesale,0.05,Alice," $4,625.93 ",Gift Card,FREESHIP,1,REG101447,Cust 4250, $32.28 ,23/06/2025,03/07/2025,Eric,Jun," $4,593.65 ", $243.47 
09/06/2024,East,Tablet,11, $185.59 ,Store B,Retail,0.1,Carlos," $1,837.34 ",Gift Card,,0,REG101448,Cust 5351, $45.19 ,09/06/2024,18/06/2024,Eric,Jun," $1,792.15 ", $204.15 
01/12/2023,Central,Desk,11, $347.38 ,Store C,Wholesale,0.05,Eva," $3,630.12 ",Credit Card,FREESHIP,0,REG101449,Cust 6284, $24.80 ,01/12/2023,03/12/2023,Cameron,Dec," $3,605.32 ", $191.06 
24/07/2024,West,Tablet,15, $318.03 ,Store D,Retail,0.05,Diana," $4,531.93 ",Gift Card,WINTER15,1,REG101450,Cust 9099, $24.38 ,24/07/2024,30/07/2024,Wendy,Jul," $4,507.55 ", $238.52 
12/04/2023,West,Chair,15, $242.35 ,Store D,Wholesale,0.15,Diana," $3,089.96 ",Cash,WINTER15,1,REG101451,Cust 3944, $14.92 ,12/04/2023,19/04/2023,Wendy,Apr," $3,075.04 ", $545.29 
17/12/2024,North,Desk,3, $82.09 ,Store B,Retail,0.15,Eva, $209.33 ,Gift Card,WINTER15,1,REG101452,Cust 6124, $12.63 ,17/12/2024,26/12/2024,Ryan,Dec, $196.70 , $36.94 
08/08/2024,South,Monitor,10, $285.73 ,Store D,Wholesale,0.15,Eva," $2,428.71 ",Cash,WINTER15,1,REG101453,Cust 8533, $26.68 ,08/08/2024,14/08/2024,Sophie,Aug," $2,402.03 ", $428.60 
15/09/2024,East,Laptop,17, $341.52 ,Store C,Wholesale,0.1,Eva," $5,225.26 ",Credit Card,FREESHIP,0,REG101454,Cust 1135, $16.67 ,15/09/2024,22/09/2024,Eric,Sep," $5,208.59 ", $580.58 
08/10/2023,South,Tablet,14, $216.40 ,Store D,Wholesale,0.1,Diana," $2,726.64 ",Debit Card,WINTER15,0,REG101455,Cust 5638, $40.74 ,08/10/2023,10/10/2023,Sophie,Oct," $2,685.90 ", $302.96 
23/05/2025,South,Phone,16, $231.76 ,Store B,Retail,0.15,Bob," $3,151.94 ",Online,WINTER15,1,REG101456,Cust 1333, $9.42 ,23/05/2025,27/05/2025,Sophie,May," $3,142.52 ", $556.22 
02/01/2023,South,Laptop,7, $61.47 ,Store C,Retail,0.15,Eva, $365.75 ,Online,FREESHIP,0,REG101457,Cust 2394, $14.44 ,02/01/2023,12/01/2023,Sophie,Jan, $351.31 , $64.54 
19/10/2023,North,Desk,15, $434.44 ,Store B,Wholesale,0,Bob," $6,516.60 ",Debit Card,,1,REG101458,Cust 8495, $33.86 ,19/10/2023,28/10/2023,Ryan,Oct," $6,482.74 ", $-   
25/04/2025,West,Chair,16, $484.01 ,Store A,Wholesale,0,Alice," $7,744.16 ",Online,SAVE10,1,REG101459,Cust 3988, $9.65 ,25/04/2025,01/05/2025,Wendy,Apr," $7,734.51 ", $-   
31/03/2024,Central,Desk,2, $55.08 ,Store C,Wholesale,0,Frank, $110.16 ,Credit Card,FREESHIP,0,REG101460,Cust 4664, $9.85 ,31/03/2024,04/04/2024,Cameron,Mar, $100.31 , $-   
31/01/2025,North,Printer,13, $223.44 ,Store B,Retail,0.15,Carlos," $2,469.01 ",Credit Card,,1,REG101461,Cust 5086, $38.46 ,31/01/2025,07/02/2025,Ryan,Jan," $2,430.55 ", $435.71 
27/03/2025,East,Phone,11, $548.08 ,Store D,Wholesale,0.05,Eva," $5,727.44 ",Cash,,0,REG101462,Cust 8858, $25.82 ,27/03/2025,06/04/2025,Eric,Mar," $5,701.62 ", $301.44 
19/01/2025,Central,Desk,11, $133.64 ,Store D,Wholesale,0,Diana," $1,470.04 ",Debit Card,,1,REG101463,Cust 8796, $30.18 ,19/01/2025,24/01/2025,Cameron,Jan," $1,439.86 ", $-   
16/05/2024,North,Chair,19, $368.85 ,Store C,Retail,0.1,Bob," $6,307.34 ",Gift Card,FREESHIP,0,REG101464,Cust 2496, $35.37 ,16/05/2024,21/05/2024,Ryan,May," $6,271.97 ", $700.82 
04/09/2023,Central,Chair,14, $115.98 ,Store A,Wholesale,0,Bob," $1,623.72 ",Debit Card,,0,REG101465,Cust 5465, $31.85 ,04/09/2023,06/09/2023,Cameron,Sep," $1,591.87 ", $-   
17/12/2023,South,Monitor,9, $55.04 ,Store B,Retail,0.15,Alice, $421.06 ,Online,,0,REG101466,Cust 2311, $31.09 ,17/12/2023,23/12/2023,Sophie,Dec, $389.97 , $74.30 
15/01/2024,Central,Monitor,4, $159.54 ,Store A,Wholesale,0.05,Alice, $606.25 ,Credit Card,FREESHIP,0,REG101467,Cust 4575, $32.36 ,15/01/2024,21/01/2024,Cameron,Jan, $573.89 , $31.91 
19/12/2024,Central,Laptop,15, $150.15 ,Store C,Retail,0,Frank," $2,252.25 ",Online,WINTER15,0,REG101468,Cust 8054, $35.94 ,19/12/2024,29/12/2024,Cameron,Dec," $2,216.31 ", $-   
16/12/2023,North,Chair,9, $57.93 ,Store C,Wholesale,0,Bob, $521.37 ,Gift Card,FREESHIP,1,REG101469,Cust 2553, $28.73 ,16/12/2023,18/12/2023,Ryan,Dec, $492.64 , $-   
14/05/2025,Central,Laptop,4, $438.58 ,Store D,Retail,0.05,Alice," $1,666.60 ",Online,WINTER15,0,REG101470,Cust 7547, $5.10 ,14/05/2025,18/05/2025,Cameron,May," $1,661.50 ", $87.72 
30/06/2023,South,Monitor,6, $536.24 ,Store D,Retail,0,Diana," $3,217.44 ",Cash,WINTER15,0,REG101471,Cust 8150, $35.32 ,30/06/2023,02/07/2023,Sophie,Jun," $3,182.12 ", $-   
30/06/2025,South,Phone,20, $444.77 ,Store B,Wholesale,0.1,Diana," $8,005.86 ",Online,,1,REG101472,Cust 5635, $20.05 ,30/06/2025,07/07/2025,Sophie,Jun," $7,985.81 ", $889.54 
14/03/2025,Central,Printer,10, $212.10 ,Store B,Retail,0.15,Eva," $1,802.85 ",Gift Card,WINTER15,0,REG101473,Cust 4360, $47.93 ,14/03/2025,22/03/2025,Cameron,Mar," $1,754.92 ", $318.15 
18/04/2023,South,Phone,9, $509.44 ,Store B,Retail,0.15,Eva," $3,897.22 ",Credit Card,SAVE10,0,REG101474,Cust 1624, $13.00 ,18/04/2023,27/04/2023,Sophie,Apr," $3,884.22 ", $687.74 
11/09/2024,West,Monitor,8, $236.17 ,Store C,Wholesale,0.15,Frank," $1,605.96 ",Cash,WINTER15,0,REG101475,Cust 6593, $22.88 ,11/09/2024,19/09/2024,Wendy,Sep," $1,583.08 ", $283.40 
21/11/2023,Central,Printer,1, $147.40 ,Store D,Retail,0,Carlos, $147.40 ,Cash,SAVE10,1,REG101476,Cust 9072, $40.47 ,21/11/2023,28/11/2023,Cameron,Nov, $106.93 , $-   
29/02/2024,West,Tablet,8, $279.74 ,Store B,Retail,0.05,Alice," $2,126.02 ",Gift Card,FREESHIP,0,REG101477,Cust 1116, $33.10 ,29/02/2024,07/03/2024,Wendy,Feb," $2,092.92 ", $111.90 
11/05/2023,West,Laptop,3, $304.61 ,Store B,Wholesale,0.05,Bob, $868.14 ,Cash,SAVE10,0,REG101478,Cust 8458, $47.14 ,11/05/2023,15/05/2023,Wendy,May, $821.00 , $45.69 
11/09/2024,South,Tablet,9, $238.32 ,Store C,Retail,0,Diana," $2,144.88 ",Cash,WINTER15,1,REG101479,Cust 5409, $8.50 ,11/09/2024,20/09/2024,Sophie,Sep," $2,136.38 ", $-   
16/08/2024,West,Printer,16, $483.37 ,Store B,Retail,0.1,Alice," $6,960.53 ",Debit Card,,0,REG101480,Cust 8847, $42.52 ,16/08/2024,22/08/2024,Wendy,Aug," $6,918.01 ", $773.39 
30/05/2025,North,Monitor,6, $159.53 ,Store A,Retail,0.05,Bob, $909.32 ,Gift Card,,0,REG101481,Cust 7857, $48.60 ,30/05/2025,07/06/2025,Ryan,May, $860.72 , $47.86 
22/08/2023,East,Desk,19, $280.60 ,Store A,Wholesale,0.1,Frank," $4,798.26 ",Gift Card,FREESHIP,0,REG101482,Cust 7810, $35.94 ,22/08/2023,28/08/2023,Eric,Aug," $4,762.32 ", $533.14 
23/01/2024,East,Tablet,2, $389.98 ,Store D,Wholesale,0.05,Carlos, $740.96 ,Debit Card,SAVE10,1,REG101483,Cust 5665, $24.55 ,23/01/2024,25/01/2024,Eric,Jan, $716.41 , $39.00 
16/03/2023,North,Monitor,17, $485.30 ,Store D,Retail,0.15,Diana," $7,012.59 ",Cash,WINTER15,0,REG101484,Cust 8015, $37.94 ,16/03/2023,23/03/2023,Ryan,Mar," $6,974.65 "," $1,237.52 "
16/05/2025,South,Laptop,4, $472.24 ,Store D,Retail,0,Alice," $1,888.96 ",Gift Card,FREESHIP,1,REG101485,Cust 7211, $6.78 ,16/05/2025,21/05/2025,Sophie,May," $1,882.18 ", $-   
23/05/2023,East,Monitor,8, $143.53 ,Store D,Wholesale,0,Alice," $1,148.24 ",Cash,WINTER15,0,REG101486,Cust 8705, $9.10 ,23/05/2023,29/05/2023,Eric,May," $1,139.14 ", $-   
16/06/2024,North,Chair,5, $159.92 ,Store B,Wholesale,0,Carlos, $799.60 ,Cash,SAVE10,0,REG101487,Cust 2905, $10.86 ,16/06/2024,23/06/2024,Ryan,Jun, $788.74 , $-   
28/01/2025,Central,Monitor,13, $447.34 ,Store A,Wholesale,0.05,Frank," $5,524.65 ",Cash,SAVE10,0,REG101488,Cust 5777, $38.93 ,28/01/2025,04/02/2025,Cameron,Jan," $5,485.72 ", $290.77 
27/11/2024,South,Phone,13, $196.80 ,Store B,Retail,0.1,Diana," $2,302.56 ",Cash,,0,REG101489,Cust 6695, $10.12 ,27/11/2024,07/12/2024,Sophie,Nov," $2,292.44 ", $255.84 
09/10/2023,Central,Chair,3, $485.81 ,Store A,Wholesale,0.1,Eva," $1,311.69 ",Debit Card,SAVE10,0,REG101490,Cust 1977, $19.46 ,09/10/2023,11/10/2023,Cameron,Oct," $1,292.23 ", $145.74 
21/07/2024,West,Phone,16, $183.62 ,Store A,Wholesale,0.05,Bob," $2,791.02 ",Gift Card,WINTER15,0,REG101491,Cust 7979, $6.56 ,21/07/2024,31/07/2024,Wendy,Jul," $2,784.46 ", $146.90 
03/07/2024,East,Monitor,2, $373.07 ,Store A,Retail,0.05,Diana, $708.83 ,Credit Card,FREESHIP,0,REG101492,Cust 2437, $26.90 ,03/07/2024,07/07/2024,Eric,Jul, $681.93 , $37.31 
24/09/2024,West,Monitor,17, $527.68 ,Store B,Wholesale,0,Diana," $8,970.56 ",Gift Card,FREESHIP,0,REG101493,Cust 2516, $29.19 ,24/09/2024,02/10/2024,Wendy,Sep," $8,941.37 ", $-   
14/01/2025,East,Tablet,5, $201.29 ,Store D,Wholesale,0,Carlos," $1,006.45 ",Online,FREESHIP,0,REG101494,Cust 6791, $49.13 ,14/01/2025,21/01/2025,Eric,Jan, $957.32 , $-   
17/02/2025,West,Desk,13, $134.56 ,Store D,Retail,0.05,Carlos," $1,661.82 ",Credit Card,WINTER15,0,REG101495,Cust 5227, $35.63 ,17/02/2025,22/02/2025,Wendy,Feb," $1,626.19 ", $87.46 
11/01/2024,South,Chair,18, $209.75 ,Store C,Wholesale,0.15,Frank," $3,209.18 ",Debit Card,FREESHIP,0,REG101496,Cust 5559, $45.93 ,11/01/2024,17/01/2024,Sophie,Jan," $3,163.25 ", $566.33 
27/07/2024,East,Desk,1, $272.50 ,Store A,Wholesale,0,Eva, $272.50 ,Gift Card,WINTER15,0,REG101497,Cust 8981, $35.56 ,27/07/2024,03/08/2024,Eric,Jul, $236.94 , $-   
03/12/2024,Central,Monitor,14, $262.67 ,Store A,Retail,0.05,Carlos," $3,493.51 ",Gift Card,SAVE10,0,REG101498,Cust 1824, $24.53 ,03/12/2024,10/12/2024,Cameron,Dec," $3,468.98 ", $183.87 
09/05/2025,West,Chair,13, $221.39 ,Store D,Wholesale,0,Frank," $2,878.07 ",Debit Card,FREESHIP,1,REG101499,Cust 1935, $21.05 ,09/05/2025,13/05/2025,Wendy,May," $2,857.02 ", $-   
